_time;Power_SP1;Power_X1;Power_Y1;Power_Z1;Total_power;actual_Speed_SP1;actual_Speed_X1;actual_Speed_Y1;actual_Speed_Z1;Torque_SP1;Torque_X1;Torque_Y1;Torque_Z1;NCProgram;Contapezzi;Tool_ID;Pressure;dictID
2023-02-15T16:14:04.660Z;0.0;0.0;0.0;7e-06;7e-06;0.00157;0.00513;0.008688;0.000532;0.007781;0.133637;0.33016;9.671751;_N_WARMUP_3MONTHS_MPF;0;PROVA_COLLAUDO 1;0;7
2023-02-15T16:14:09.587Z;0.0;0.0;0.0;5e-06;5e-06;0.002948;0.00124;0.010199;0.000881;0.000606;0.134749;0.327917;9.678422;_N_WARMUP_3MONTHS_MPF;0;PROVA_COLLAUDO 1;0;7
2023-02-15T16:14:14.724Z;0.0;0.0;0.0;1e-06;1e-06;0.012245;0.004583;0.001296;0.003566;0.00583;0.134367;0.33094;9.675068;_N_DEMO_UC_3_7_V2_MPF;0;PROVA_COLLAUDO 1;0;7
2023-02-15T16:14:19.659Z;0.0;0.0;0.0;0.0;0.0;0.005236;0.007114;0.011386;0.002207;0.000639;0.13339;0.329673;9.674666;_N_DEMO_UC_3_7_V2_MPF;0;PROVA_COLLAUDO 1;0;7
2023-02-15T16:14:25.449Z;0.0;0.0;0.0;7e-06;7e-06;0.021726;0.000874;0.001712;0.00143;0.135869;0.13562;0.324253;9.683179;_N_DEMO_UC_3_7_V2_MPF;0;PROVA_COLLAUDO 1;0;7
2023-02-15T16:14:29.692Z;0.0;0.0;0.0;2e-06;2e-06;0.006457;0.006318;0.002952;0.003421;0.008516;0.157855;0.369524;9.748482;_N_DEMO_UC_3_7_V2_MPF;0;PROVA_COLLAUDO 1;1;7
2023-02-15T16:14:34.830Z;1.939487;0.0;0.0;0.0;1.939487;1772.135864;0.00074;0.018468;0.024385;8.895469;0.147477;0.352524;9.724668;_N_DEMO_UC_3_7_V2_MPF;0;PROVA_COLLAUDO 1;1;7
2023-02-15T16:14:39.716Z;3.307544;0.0;1e-06;0.0;3.307545;4736.389648;0.001512;0.02433;0.043781;6.267372;0.149359;0.349354;9.707232;_N_DEMO_UC_3_7_V2_MPF;0;PROVA_COLLAUDO 1;1;7
2023-02-15T16:14:44.772Z;0.678696;0.0;0.0;0.0;0.678696;6999.30957;0.001826;0.001135;0.016543;0.999723;0.14159;0.350835;9.715626;_N_DEMO_UC_3_7_V2_MPF;0;FRESA A SPIAN. D71;1;3.0
2023-02-15T16:14:49.742Z;0.669073;0.0;0.0;0.0;0.669073;6999.60498;0.00564;0.003169;0.003733;0.764746;0.14075;0.34419;9.693641;_N_DEMO_UC_3_7_V2_MPF;0;FRESA A SPIAN. D71;1;3.0
2023-02-15T16:14:54.829Z;0.618724;0.0;0.0;1.4e-05;0.618738;7000.103516;0.004501;0.002062;0.016561;0.777841;0.139723;0.344379;9.682896;_N_DEMO_UC_3_7_V2_MPF;0;FRESA A SPIAN. D71;1;3.0
2023-02-15T16:14:59.770Z;0.619009;0.0;0.0;0.0;0.619009;6999.71582;0.001744;0.008701;0.013528;0.871417;0.139205;0.342278;9.699589;_N_DEMO_UC_3_7_V2_MPF;0;FRESA A SPIAN. D71;1;3.0
2023-02-15T16:15:04.763Z;0.661232;0.0;0.0;2.1e-05;0.6612530000000001;7000.462891;0.012833;0.004047;0.000838;0.835444;0.140885;0.342167;9.677682;_N_DEMO_UC_3_7_V2_MPF;0;FRESA A SPIAN. D71;1;3.0
2023-02-15T16:15:09.763Z;0.621272;0.0;0.0;3.4e-05;0.621306;7000.594727;0.000716;0.0037;0.014779;0.900404;0.140961;0.342828;9.669732;_N_DEMO_UC_3_7_V2_MPF;0;FRESA A SPIAN. D71;1;3.0
2023-02-15T16:15:14.813Z;0.694257;0.0;0.0;1.2e-05;0.694269;7000.599609;0.000588;0.002368;0.01841;0.910887;0.139768;0.342362;9.691071;_N_DEMO_UC_3_7_V2_MPF;0;FRESA A SPIAN. D71;1;3.0
2023-02-15T16:15:19.806Z;0.663078;0.0;0.0;0.0;0.663078;6999.580078;0.0149;0.008749;0.011231;0.828103;0.139974;0.338095;9.676261;_N_DEMO_UC_3_7_V2_MPF;0;FRESA A SPIAN. D71;1;3.0
2023-02-15T16:15:24.870Z;0.574603;0.0;0.0;0.0;0.574603;7000.313477;7.3e-05;0.006719;0.023747;0.914254;0.140976;0.336612;9.695127;_N_DEMO_UC_3_7_V2_MPF;0;FRESA A SPIAN. D71;1;3.0
2023-02-15T16:15:29.894Z;0.611086;0.0;0.0;0.0;0.611086;6998.398438;0.006348;0.005458;0.015121;0.803391;0.140204;0.336771;9.682269;_N_DEMO_UC_3_7_V2_MPF;0;FRESA A SPIAN. D71;1;3.0
2023-02-15T16:15:35.182Z;0.577958;0.0;1e-06;0.0;0.577959;7000.309082;0.003948;0.008987;0.00295;0.871688;0.14128;0.335596;7.105965;_N_DEMO_UC_3_7_V2_MPF;0;FRESA A SPIAN. D71;1;3.0
2023-02-15T16:15:39.823Z;1.684111;0.023944;0.0;2.9e-05;1.708084;6999.446289;170.894531;0.021273;0.811694;1.998326;1.356397;0.270876;8.622702;_N_DEMO_UC_3_7_V2_MPF;0;FRESA A SPIAN. D71;1;3.0
2023-02-15T16:15:44.807Z;1.924101;0.023417;0.0;0.0;1.947518;6999.071289;175.049194;0.022558;0.019969;2.553477;1.296646;0.255556;8.655571;_N_DEMO_UC_3_7_V2_MPF;0;FRESA A SPIAN. D71;1;3.0
2023-02-15T16:15:49.847Z;1.78263;0.023901;0.0;2.4e-05;1.806555;7000.609375;175.075592;0.011503;0.013742;2.523952;1.29961;0.224817;8.69739;_N_DEMO_UC_3_7_V2_MPF;0;FRESA A SPIAN. D71;1;3.0
2023-02-15T16:15:54.847Z;0.69418;0.023285;0.0;1.4e-05;0.717479;6999.872559;174.95105;0.004626;0.003528;0.88811;1.256789;0.267115;8.716879;_N_DEMO_UC_3_7_V2_MPF;0;FRESA A SPIAN. D71;1;3.0
2023-02-15T16:15:59.909Z;2.242208;0.022615;0.0;0.0;2.2648230000000003;7000.053711;172.921112;17.430672;0.033433;3.053888;1.214177;0.411863;8.532062;_N_DEMO_UC_3_7_V2_MPF;0;FRESA A SPIAN. D71;1;3.0
2023-02-15T16:16:05.080Z;0.767726;0.021859;0.003404;2.4e-05;0.793013;7000.428223;175.079575;0.049858;0.01248;1.030635;1.270892;0.311838;8.604776;_N_DEMO_UC_3_7_V2_MPF;0;FRESA A SPIAN. D71;1;3.0
2023-02-15T16:16:09.896Z;2.132183;0.022321;0.0;0.0;2.1545039999999998;7000.367188;175.105392;0.045551;0.017079;2.958685;1.245583;0.228056;8.57308;_N_DEMO_UC_3_7_V2_MPF;0;FRESA A SPIAN. D71;1;3.0
2023-02-15T16:16:14.896Z;0.787595;0.02347;0.0;1.4e-05;0.811079;7000.564453;174.935745;0.005841;0.025194;1.000475;1.266422;0.28989;8.623868;_N_DEMO_UC_3_7_V2_MPF;0;FRESA A SPIAN. D71;1;3.0
2023-02-15T16:16:19.912Z;1.294199;0.02083;1e-06;3.4e-05;1.315064;7000.920898;169.883224;0.02444;0.0266;1.779247;1.18125;0.24497;8.703684;_N_DEMO_UC_3_7_V2_MPF;0;FRESA A SPIAN. D71;1;3.0
2023-02-15T16:16:24.888Z;0.954461;0.000111;0.018804;0.0;0.973376;7000.660156;169.952927;0.054539;0.012374;0.989222;1.229243;0.270972;8.75721;_N_DEMO_UC_3_7_V2_MPF;0;FRESA A SPIAN. D71;1;3.0
2023-02-15T16:16:30.008Z;1.288537;0.022698;0.0;4e-05;1.3112750000000002;6999.864746;170.115829;0.023716;0.010523;1.802043;1.242914;0.242479;8.770852;_N_DEMO_UC_3_7_V2_MPF;0;FRESA A SPIAN. D71;1;3.0
2023-02-15T16:16:34.886Z;1.230602;0.020569;0.0;0.0;1.251171;6998.843262;170.042084;0.012274;0.04258;1.797522;1.135338;0.330338;8.785063;_N_DEMO_UC_3_7_V2_MPF;0;FRESA A SPIAN. D71;1;3.0
2023-02-15T16:16:39.926Z;1.059705;2e-06;0.019044;0.0;1.078751;7000.591309;169.95285;0.00948;0.019928;1.206799;0.366563;1.182463;8.782104;_N_DEMO_UC_3_7_V2_MPF;0;FRESA A SPIAN. D71;1;3.0
2023-02-15T16:16:44.921Z;1.286459;0.022347;0.0;0.0;1.308806;7000.174805;169.970139;0.010849;0.005488;1.716438;1.238316;0.276001;8.77678;_N_DEMO_UC_3_7_V2_MPF;0;FRESA A SPIAN. D71;1;3.0
2023-02-15T16:16:49.945Z;1.144754;0.020885;0.0;1.6e-05;1.165655;6998.632813;170.072266;0.007525;0.025069;1.582032;1.189209;0.307877;8.762832;_N_DEMO_UC_3_7_V2_MPF;0;FRESA A SPIAN. D71;1;3.0
2023-02-15T16:16:54.945Z;0.722114;0.474902;0.153853;0.001734;1.352603;6999.884766;8.959457;0.013711;745.348877;0.841886;0.391866;0.268405;6.091047;_N_DEMO_UC_3_7_V2_MPF;0;FRESA A SPIAN. D71;1;3.0
2023-02-15T16:16:59.994Z;0.916926;0.021431;0.0;0.0;0.938357;7001.100586;170.0578;0.0006;0.023824;1.235323;1.196134;0.273175;8.667562;_N_DEMO_UC_3_7_V2_MPF;0;FRESA A SPIAN. D71;1;3.0
2023-02-15T16:17:05.058Z;0.573638;0.021103;0.0;0.0;0.594741;6999.800293;170.000763;0.005331;0.002706;0.867076;1.227805;0.278706;8.685907;_N_DEMO_UC_3_7_V2_MPF;0;FRESA A SPIAN. D71;1;3.0
2023-02-15T16:17:10.002Z;0.966793;0.021446;0.0;7e-06;0.988246;7000.37207;170.037369;0.01886;0.041765;1.300424;1.240185;0.219168;8.698347;_N_DEMO_UC_3_7_V2_MPF;0;FRESA A SPIAN. D71;1;3.0
2023-02-15T16:17:14.979Z;0.888539;0.021745;0.0;1e-06;0.910285;6999.916016;170.023651;0.020334;0.038815;1.307976;1.206709;0.280746;8.665612;_N_DEMO_UC_3_7_V2_MPF;0;FRESA A SPIAN. D71;1;3.0
2023-02-15T16:17:19.971Z;0.990304;0.021034;0.0;0.0;1.011338;6999.80127;170.003418;0.007112;0.012628;1.295135;1.195976;0.279495;8.697792;_N_DEMO_UC_3_7_V2_MPF;0;FRESA A SPIAN. D71;1;3.0
2023-02-15T16:17:24.971Z;1.033626;0.021751;0.0;1.4e-05;1.055391;7000.928223;169.99321;0.013851;0.03016;1.379077;1.208341;0.298954;8.69075;_N_DEMO_UC_3_7_V2_MPF;0;FRESA A SPIAN. D71;1;3.0
2023-02-15T16:17:29.955Z;0.731101;0.022114;0.0;0.0;0.753215;7001.448242;170.019684;0.019726;0.025081;0.970732;1.240873;0.311059;8.701514;_N_DEMO_UC_3_7_V2_MPF;0;FRESA A SPIAN. D71;1;3.0
2023-02-15T16:17:35.033Z;0.934404;0.020655;0.0;2e-06;0.9550609999999999;6998.76416;169.851242;0.017165;0.0058;1.387807;1.165376;0.293769;8.718439;_N_DEMO_UC_3_7_V2_MPF;0;FRESA A SPIAN. D71;1;3.0
2023-02-15T16:17:40.132Z;0.67927;2e-06;1e-06;0.826728;1.506001;6999.890137;170.11348;0.007184;0.028207;0.903615;0.415332;0.278409;17.182659;_N_DEMO_UC_3_7_V2_MPF;0;FRESA A SPIAN. D71;1;3.0
2023-02-15T16:17:45.016Z;0.0;0.0;0.0;0.0;0.0;4683.11377;0.012534;0.014618;0.099477;4.025813;0.38966;0.281496;9.829914;_N_DEMO_UC_3_7_V2_MPF;0;FRESA A SPIAN. D71;1;3.0
2023-02-15T16:17:49.996Z;0.0;0.0;0.0;0.0;0.0;1659.7854;0.006775;0.013053;0.013171;0.606744;0.390139;0.27663;9.812296;_N_DEMO_UC_3_7_V2_MPF;0;FRESA A SPIAN. D71;1;3.0
2023-02-15T16:17:55.097Z;0.0;0.0;0.0;1.2e-05;1.2e-05;0.044685;0.009458;0.013074;0.16758;0.008915;0.033779;0.017896;8.247808;_N_DEMO_UC_3_7_V2_MPF;0;FRESA A SPIAN. D71;1;3.0
2023-02-15T16:17:59.922Z;0.0;0.0;0.0;4e-06;4e-06;0.004794;0.017554;0.001201;0.003788;0.005438;0.398539;0.304137;9.816936;_N_DEMO_UC_3_7_V2_MPF;0;FRESA A SPIAN. D71;1;3.0
2023-02-15T16:18:05.330Z;2.00263;0.0;0.0;0.0;2.00263;2255.957764;0.004573;0.027832;0.050442;7.385516;0.384942;0.290584;9.775153;_N_DEMO_UC_3_7_V2_MPF;0;FRESA A SPIAN. D71;1;3.0
2023-02-15T16:18:10.002Z;3.516885;0.0;1e-06;9e-06;3.516895;5284.510254;0.001796;0.027313;0.06139;6.091351;0.377678;0.290107;9.782295;_N_DEMO_UC_3_7_V2_MPF;0;FRESA A SPIAN. D71;1;3.0
2023-02-15T16:18:15.019Z;5.416669;0.0;0.0;1.4e-05;5.416683;8261.09375;0.01011;0.012424;0.054008;6.254251;0.371029;0.289313;9.756055;_N_DEMO_UC_3_7_V2_MPF;0;FRESA A SPIAN. D25;1;8.0
2023-02-15T16:18:20.011Z;0.840626;0.0;0.0;0.0;0.840626;9800.71582;0.013728;0.017281;0.02565;0.685484;0.366032;0.290315;9.75168;_N_DEMO_UC_3_7_V2_MPF;0;FRESA A SPIAN. D25;1;8.0
2023-02-15T16:18:25.068Z;0.907388;0.0;0.0;0.0;0.907388;9799.541992;0.001816;0.022867;0.010886;0.865558;0.369715;0.288033;9.751374;_N_DEMO_UC_3_7_V2_MPF;0;FRESA A SPIAN. D25;1;8.0
2023-02-15T16:18:30.251Z;0.860142;0.0;0.0;0.0;0.860142;9800.488281;0.014919;0.003021;0.029564;0.927172;0.363491;0.288646;9.742768;_N_DEMO_UC_3_7_V2_MPF;0;FRESA A SPIAN. D25;1;8.0
2023-02-15T16:18:35.122Z;0.899885;0.0;0.0;0.0;0.899885;9800.506836;0.001762;0.01419;0.00814;0.902236;0.369789;0.290017;9.741277;_N_DEMO_UC_3_7_V2_MPF;0;FRESA A SPIAN. D25;1;8.0
2023-02-15T16:18:40.014Z;0.769048;0.0;0.0;3.4e-05;0.7690819999999999;9800.208984;0.008107;0.002868;0.009378;0.977016;0.366447;0.288388;9.738739;_N_DEMO_UC_3_7_V2_MPF;0;FRESA A SPIAN. D25;1;8.0
2023-02-15T16:18:45.051Z;0.78916;1e-06;0.0;0.0;0.789161;9799.856445;0.007639;5.4e-05;0.035072;0.821916;0.365874;0.289703;9.737349;_N_DEMO_UC_3_7_V2_MPF;0;FRESA A SPIAN. D25;1;8.0
2023-02-15T16:18:50.077Z;0.928801;0.0;0.0;2e-06;0.9288029999999999;9799.304688;0.007238;0.013089;0.022041;0.89228;0.364862;0.290732;9.754548;_N_DEMO_UC_3_7_V2_MPF;0;FRESA A SPIAN. D25;1;8.0
2023-02-15T16:18:55.195Z;0.825784;0.0;0.0;3.2e-05;0.825816;9800.429688;0.000168;0.000389;0.010508;0.789517;0.367805;0.291724;9.761314;_N_DEMO_UC_3_7_V2_MPF;0;FRESA A SPIAN. D25;1;8.0
2023-02-15T16:19:00.052Z;0.866584;0.0;0.0;0.0;0.866584;9798.871094;0.016456;0.008587;0.003;0.942496;0.36885;0.288342;9.739121;_N_DEMO_UC_3_7_V2_MPF;0;FRESA A SPIAN. D25;1;8.0
2023-02-15T16:19:05.053Z;0.909505;1e-06;1e-06;0.0;0.9095070000000001;9801.0625;0.000726;0.028386;0.001556;0.817249;0.36598;0.287165;9.745244;_N_DEMO_UC_3_7_V2_MPF;0;FRESA A SPIAN. D25;1;8.0
2023-02-15T16:19:10.101Z;0.882692;1e-06;0.0;0.0;0.8826930000000001;9800.486328;60.637402;117.468422;185.09877;0.715989;0.30063;0.328306;3.416272;_N_DEMO_UC_3_7_V2_MPF;0;FRESA A SPIAN. D25;1;8.0
2023-02-15T16:19:15.100Z;0.880468;0.011038;0.012292;0.0;0.903798;9799.28125;97.455788;113.78566;0.010332;0.906771;1.075272;1.001839;8.714623;_N_DEMO_UC_3_7_V2_MPF;0;FRESA A SPIAN. D25;1;8.0
2023-02-15T16:19:20.182Z;0.898771;0.011778;0.010752;1.2e-05;0.9213129999999999;9800.194336;110.735085;103.830894;0.021256;1.050357;1.048286;0.96628;8.756471;_N_DEMO_UC_3_7_V2_MPF;0;FRESA A SPIAN. D25;1;8.0
2023-02-15T16:19:25.203Z;1.085681;0.01198;0.010758;0.0;1.108419;9798.09668;148.728592;29.132189;0.036295;1.199589;1.154064;0.888778;8.733324;_N_DEMO_UC_3_7_V2_MPF;0;FRESA A SPIAN. D25;1;8.0
2023-02-15T16:19:30.180Z;1.146896;0.011062;0.010936;0.0;1.1688939999999999;9799.469727;33.915932;181.057098;0.002804;0.995093;1.097198;0.86336;8.732635;_N_DEMO_UC_3_7_V2_MPF;0;FRESA A SPIAN. D25;1;8.0
2023-02-15T16:19:35.183Z;0.914195;0.000715;0.0;0.0;0.91491;9799.958984;127.588409;364.944275;0.00567;0.776012;0.392969;3.908779;8.753583;_N_DEMO_UC_3_7_V2_MPF;0;FRESA A SPIAN. D25;1;8.0
2023-02-15T16:19:40.149Z;0.80191;0.01043;0.004846;1.6e-05;0.8172020000000001;9799.361328;1418.703491;1.290695;0.023641;0.829746;1.921739;0.363246;8.722789;_N_DEMO_UC_3_7_V2_MPF;0;FRESA A SPIAN. D25;1;8.0
2023-02-15T16:19:45.168Z;0.864218;0.071836;0.006154;0.0;0.942208;9801.348633;97.768089;113.795395;0.002585;0.762529;1.038074;0.973436;8.724339;_N_DEMO_UC_3_7_V2_MPF;0;FRESA A SPIAN. D25;1;8.0
2023-02-15T16:19:50.168Z;0.782556;0.007478;0.005488;0.0;0.7955220000000001;9799.214844;143.045822;38.86134;0.014847;0.923493;0.506835;0.431809;12.508681;_N_DEMO_UC_3_7_V2_MPF;0;FRESA A SPIAN. D25;1;8.0
2023-02-15T16:19:55.281Z;0.85681;0.010474;0.01206;0.0;0.8793439999999999;9801.129883;97.46627;113.926582;0.01641;0.89506;1.057386;1.015022;8.693334;_N_DEMO_UC_3_7_V2_MPF;0;FRESA A SPIAN. D25;1;8.0
2023-02-15T16:20:00.169Z;1.183314;0.011199;0.010668;0.0;1.2051809999999998;9798.816406;117.348579;92.935226;0.002785;1.011246;0.976464;0.915563;8.704247;_N_DEMO_UC_3_7_V2_MPF;0;FRESA A SPIAN. D25;1;8.0
2023-02-15T16:20:05.159Z;0.968722;0.012236;0.009457;0.0;0.990415;9799.298828;148.712311;1.533756;0.003113;1.188854;1.185465;0.809332;8.616548;_N_DEMO_UC_3_7_V2_MPF;0;FRESA A SPIAN. D25;1;8.0
2023-02-15T16:20:10.151Z;1.123887;0.010672;0.010739;0.0;1.1452980000000001;9798.813477;0.223824;346.250305;0.011533;0.750598;1.016323;0.860532;8.693952;_N_DEMO_UC_3_7_V2_MPF;0;FRESA A SPIAN. D25;1;8.0
2023-02-15T16:20:15.223Z;0.847965;3.5e-05;0.0;1.6e-05;0.848016;9800.915039;105.92205;106.198402;0.010764;0.88688;0.976771;1.197766;8.691004;_N_DEMO_UC_3_7_V2_MPF;0;FRESA A SPIAN. D25;1;8.0
2023-02-15T16:20:20.223Z;0.785259;0.0;2e-06;1.3e-05;0.785274;9801.014648;417.539246;87.440216;0.002273;0.739431;3.04224;0.376498;8.703308;_N_DEMO_UC_3_7_V2_MPF;0;FRESA A SPIAN. D25;1;8.0
2023-02-15T16:20:25.304Z;0.945278;0.046384;0.049168;3e-06;1.040833;9798.085938;97.785538;113.847824;0.024077;0.755074;1.028319;0.953108;8.728941;_N_DEMO_UC_3_7_V2_MPF;0;FRESA A SPIAN. D25;1;8.0
2023-02-15T16:20:30.190Z;0.771716;0.000979;4.9e-05;0.119599;0.8923429999999999;9799.686523;128.839172;71.416222;0.007158;0.832907;1.173517;0.697761;8.737819;_N_DEMO_UC_3_7_V2_MPF;0;FRESA A SPIAN. D25;1;8.0
2023-02-15T16:20:35.185Z;1.083031;0.010529;0.012309;0.0;1.105869;9798.739258;97.636086;113.963531;0.023411;0.976626;1.051888;0.94744;8.792701;_N_DEMO_UC_3_7_V2_MPF;0;FRESA A SPIAN. D25;1;8.0
2023-02-15T16:20:40.376Z;1.12943;0.010788;0.010715;0.0;1.150933;9800.348633;203.236969;21.871578;0.014963;1.175466;0.895692;1.005403;8.830235;_N_DEMO_UC_3_7_V2_MPF;0;FRESA A SPIAN. D25;1;8.0
2023-02-15T16:20:45.280Z;1.210964;0.017088;0.003725;0.0;1.231777;9800.612305;124.896484;69.123749;0.45597;0.842223;1.186909;0.618361;8.673978;_N_DEMO_UC_3_7_V2_MPF;0;FRESA A SPIAN. D25;1;8.0
2023-02-15T16:20:50.291Z;0.845986;0.00595;0.009733;0.0;0.861669;9799.130859;115.272964;278.708099;0.027091;0.906905;0.356897;2.30506;8.742133;_N_DEMO_UC_3_7_V2_MPF;0;FRESA A SPIAN. D25;1;8.0
2023-02-15T16:20:55.227Z;0.765183;0.004825;0.051327;3e-06;0.8213379999999999;9801.162109;106.152855;106.097778;0.01005;0.79447;1.027558;0.913122;8.747783;_N_DEMO_UC_3_7_V2_MPF;0;FRESA A SPIAN. D25;1;8.0
2023-02-15T16:21:00.380Z;1.036062;0.012813;0.008787;0.0;1.057662;9799.499023;0.044424;0.01302;61.446346;0.81277;1.138605;0.694241;8.713963;_N_DEMO_UC_3_7_V2_MPF;0;FRESA A SPIAN. D25;1;8.0
2023-02-15T16:21:05.401Z;1.133186;0.017144;4.5e-05;0.0;1.1503750000000001;9800.599609;134.011215;67.020645;0.032054;1.119375;1.158242;0.882082;8.79156;_N_DEMO_UC_3_7_V2_MPF;0;FRESA A SPIAN. D25;1;8.0
2023-02-15T16:21:10.393Z;1.114844;0.00655;0.013773;8e-06;1.135175;9800.864258;140.569504;49.846657;0.040412;1.022421;1.079007;1.015707;8.84485;_N_DEMO_UC_3_7_V2_MPF;0;FRESA A SPIAN. D25;1;8.0
2023-02-15T16:21:15.290Z;1.074911;0.017413;0.004225;3e-06;1.0965519999999997;9798.665039;84.002113;116.905914;0.021108;1.172698;1.174001;0.897543;8.835933;_N_DEMO_UC_3_7_V2_MPF;0;FRESA A SPIAN. D25;1;8.0
2023-02-15T16:21:20.174Z;1.030601;0.015979;0.003399;0.0;1.049979;9800.313477;149.737106;0.827388;0.006109;0.978537;1.109859;0.564523;8.845736;_N_DEMO_UC_3_7_V2_MPF;0;FRESA A SPIAN. D25;1;8.0
2023-02-15T16:21:25.260Z;0.90294;0.000531;0.0;0.0;0.9034709999999999;9799.486328;2.333994;1012.869507;3.902496;0.822147;0.391053;2.597357;9.621696;_N_DEMO_UC_3_7_V2_MPF;0;FRESA A SPIAN. D25;1;8.0
2023-02-15T16:21:30.165Z;1.057948;0.015851;0.006281;1.5e-05;1.0800950000000002;9800.583984;119.361046;93.435234;0.022373;1.14037;1.165859;0.82987;8.762527;_N_DEMO_UC_3_7_V2_MPF;0;FRESA A SPIAN. D25;1;8.0
2023-02-15T16:21:35.225Z;0.980401;0.01636;0.005638;1.3e-05;1.002412;9801.273438;149.539185;0.304307;0.00144;1.042285;1.171759;0.643028;8.76908;_N_DEMO_UC_3_7_V2_MPF;0;FRESA A SPIAN. D25;1;8.0
2023-02-15T16:21:40.181Z;1.025871;0.009812;0.012312;1e-06;1.047996;9798.936523;75.831253;129.966736;0.03568;1.066028;0.995532;0.959514;8.773661;_N_DEMO_UC_3_7_V2_MPF;0;FRESA A SPIAN. D25;1;8.0
2023-02-15T16:21:45.205Z;1.021294;0.017592;2.2e-05;0.0;1.038908;9800.001953;112.228714;104.654091;0.021012;1.069936;1.17669;0.284155;8.794697;_N_DEMO_UC_3_7_V2_MPF;0;FRESA A SPIAN. D25;1;8.0
2023-02-15T16:21:50.243Z;0.938195;3.2e-05;0.418508;0.001771;1.358506;9798.324219;145.346954;29.83666;0.009314;0.908524;0.443516;0.34631;10.020183;_N_DEMO_UC_3_7_V2_MPF;0;FRESA A SPIAN. D25;1;8.0
2023-02-15T16:21:55.195Z;1.106016;0.013235;0.008746;3.6e-05;1.128033;9799.500977;62.780907;133.471039;0.003499;0.978805;1.068713;0.977665;8.747353;_N_DEMO_UC_3_7_V2_MPF;0;FRESA A SPIAN. D25;1;8.0
2023-02-15T16:22:00.220Z;1.14183;0.018604;1.8e-05;1.4e-05;1.160466;9800.628906;105.71814;109.812889;0.021175;1.004705;1.177403;0.377279;8.79791;_N_DEMO_UC_3_7_V2_MPF;0;FRESA A SPIAN. D25;1;8.0
2023-02-15T16:22:05.294Z;1.023799;0.007903;0.013166;0.0;1.044868;9799.1875;10.575712;149.145218;0.010543;1.069092;1.070406;0.957092;8.802644;_N_DEMO_UC_3_7_V2_MPF;0;FRESA A SPIAN. D25;1;8.0
2023-02-15T16:22:10.222Z;1.170523;0.011752;0.010037;0.0;1.192312;9800.263672;141.39267;42.662422;0.017621;1.024477;1.06443;1.030917;8.771286;_N_DEMO_UC_3_7_V2_MPF;0;FRESA A SPIAN. D25;1;8.0
2023-02-15T16:22:15.278Z;0.930633;0.018253;0.002064;3e-06;0.9509529999999999;9799.194336;85.491554;115.086098;0.007532;0.928947;1.157151;0.842018;8.784576;_N_DEMO_UC_3_7_V2_MPF;0;FRESA A SPIAN. D25;1;8.0
2023-02-15T16:22:20.208Z;0.961804;0.005046;0.015452;0.0;0.982302;9799.426758;0.040804;149.967743;0.00291;0.978052;0.900121;0.990652;8.69772;_N_DEMO_UC_3_7_V2_MPF;0;FRESA A SPIAN. D25;1;8.0
2023-02-15T16:22:25.335Z;1.302455;0.010303;0.011016;0.0;1.3237739999999998;9799.84375;140.355499;49.810459;0.003635;1.061459;1.101656;0.870496;8.737141;_N_DEMO_UC_3_7_V2_MPF;0;FRESA A SPIAN. D25;1;8.0
2023-02-15T16:22:30.343Z;1.030526;0.002095;0.015474;0.0;1.048095;9799.764648;0.026502;150.054138;0.026061;1.071291;0.333585;0.987849;8.753324;_N_DEMO_UC_3_7_V2_MPF;0;FRESA A SPIAN. D25;1;8.0
2023-02-15T16:22:35.278Z;0.981865;0.015422;0.003524;0.0;1.0008110000000001;9800.603516;149.827972;0.03053;0.017164;0.794202;1.124812;0.200824;8.797523;_N_DEMO_UC_3_7_V2_MPF;0;FRESA A SPIAN. D25;1;8.0
2023-02-15T16:22:40.278Z;0.900092;0.010188;0.010269;3e-05;0.9205789999999999;9798.285156;2.905682;127.072723;0.037462;0.949432;0.947998;0.969636;8.779099;_N_DEMO_UC_3_7_V2_MPF;0;FRESA A SPIAN. D25;1;8.0
2023-02-15T16:22:45.230Z;1.016809;3e-06;0.016573;0.0;1.033385;9799.293945;0.021863;149.935379;0.011757;1.048227;0.343344;1.029666;8.687139;_N_DEMO_UC_3_7_V2_MPF;0;FRESA A SPIAN. D25;1;8.0
2023-02-15T16:22:50.366Z;0.993323;0.016988;0.004741;0.0;1.015052;9800.043945;150.246231;0.037545;0.007704;0.949903;1.180533;0.633584;8.71856;_N_DEMO_UC_3_7_V2_MPF;0;FRESA A SPIAN. D25;1;8.0
2023-02-15T16:22:55.222Z;1.063581;0.0;0.015982;0.0;1.079563;9799.899414;0.021579;150.007187;0.008744;1.029318;0.3335;1.002545;8.781681;_N_DEMO_UC_3_7_V2_MPF;0;FRESA A SPIAN. D25;1;8.0
2023-02-15T16:23:00.222Z;0.982775;0.018125;0.0;0.0;1.0009;9799.132813;150.271881;0.909867;0.015521;0.800734;1.125316;0.314061;8.718472;_N_DEMO_UC_3_7_V2_MPF;0;FRESA A SPIAN. D25;1;8.0
2023-02-15T16:23:05.287Z;0.873974;0.0;0.008058;8e-06;0.88204;9800.399414;0.009286;150.06488;0.006512;0.875608;0.367049;0.998035;8.742175;_N_DEMO_UC_3_7_V2_MPF;0;FRESA A SPIAN. D25;1;8.0
2023-02-15T16:23:10.223Z;1.088886;0.0;0.016028;2.4e-05;1.104938;9800.510742;0.081857;150.009598;0.048958;0.956108;0.355849;0.985;8.710217;_N_DEMO_UC_3_7_V2_MPF;0;FRESA A SPIAN. D25;1;8.0
2023-02-15T16:23:15.297Z;0.95196;0.018369;1e-06;3.5e-05;0.970365;9800.125;149.867218;0.563159;0.005421;0.876757;1.182081;0.364835;8.754725;_N_DEMO_UC_3_7_V2_MPF;0;FRESA A SPIAN. D25;1;8.0
2023-02-15T16:23:20.279Z;1.104227;1e-06;0.015743;1.5e-05;1.1199860000000001;9799.088867;3.306106;150.036362;0.00741;1.117933;0.370924;1.019238;8.788308;_N_DEMO_UC_3_7_V2_MPF;0;FRESA A SPIAN. D25;1;8.0
2023-02-15T16:23:25.327Z;0.99822;0.018031;6e-05;0.0;1.016311;9798.510742;136.229446;58.569271;0.011922;0.767611;1.147508;0.699804;8.765481;_N_DEMO_UC_3_7_V2_MPF;0;FRESA A SPIAN. D25;1;8.0
2023-02-15T16:23:30.295Z;0.858866;1e-06;0.015639;1.2e-05;0.874518;9800.923828;11.609642;148.249374;0.000284;0.866923;0.360907;1.028193;8.784534;_N_DEMO_UC_3_7_V2_MPF;0;FRESA A SPIAN. D25;1;8.0
2023-02-15T16:23:35.330Z;1.108958;0.0;0.015604;6e-06;1.124568;9799.975586;0.513604;149.91687;0.037602;0.991648;0.383313;0.971784;8.728958;_N_DEMO_UC_3_7_V2_MPF;0;FRESA A SPIAN. D25;1;8.0
2023-02-15T16:23:40.402Z;0.987042;0.018544;9.4e-05;0.0;1.00568;9798.543945;133.977615;64.112114;0.004716;0.983366;0.913421;0.73135;8.81067;_N_DEMO_UC_3_7_V2_MPF;0;FRESA A SPIAN. D25;1;8.0
2023-02-15T16:23:45.322Z;1.005491;0.000229;0.016013;4.6e-05;1.021779;9799.993164;8.012402;144.520599;0.016395;1.092322;0.647267;1.017063;8.814013;_N_DEMO_UC_3_7_V2_MPF;0;FRESA A SPIAN. D25;1;8.0
2023-02-15T16:23:50.450Z;0.796025;0.015816;0.003498;0.0;0.815339;9798.467773;116.692032;102.948013;0.011064;0.777456;1.16642;0.863823;8.813471;_N_DEMO_UC_3_7_V2_MPF;0;FRESA A SPIAN. D25;1;8.0
2023-02-15T16:23:55.474Z;0.86682;0.000541;0.015239;1.9e-05;0.882619;9801.448242;74.332611;128.420837;0.003069;0.881779;0.849556;0.977881;8.824131;_N_DEMO_UC_3_7_V2_MPF;0;FRESA A SPIAN. D25;1;8.0
2023-02-15T16:24:00.436Z;1.039909;4.4e-05;0.015989;0.0;1.055942;9799.805664;63.430882;140.125671;0.015727;1.017429;0.721194;0.987159;8.645591;_N_DEMO_UC_3_7_V2_MPF;0;FRESA A SPIAN. D25;1;8.0
2023-02-15T16:24:05.548Z;0.980438;0.016332;0.004468;1e-06;1.001239;9798.916992;109.281921;93.272812;0.002963;0.884013;1.131615;0.774201;8.689141;_N_DEMO_UC_3_7_V2_MPF;0;FRESA A SPIAN. D25;1;8.0
2023-02-15T16:24:10.563Z;1.007631;0.000335;0.016154;1.3e-05;1.024133;9801.291016;138.80336;51.19347;0.0076;0.829445;1.137756;0.487776;8.714968;_N_DEMO_UC_3_7_V2_MPF;0;FRESA A SPIAN. D25;1;8.0
2023-02-15T16:24:15.485Z;1.093714;0.011799;0.009908;0.0;1.115421;9797.871094;150.345062;1.892086;0.00297;1.046183;1.142058;0.270539;8.699029;_N_DEMO_UC_3_7_V2_MPF;0;FRESA A SPIAN. D25;1;8.0
2023-02-15T16:24:20.507Z;0.853242;0.007642;0.014266;0.0;0.87515;9802.28125;133.457733;71.366791;0.006892;0.984266;1.057329;0.973972;8.715722;_N_DEMO_UC_3_7_V2_MPF;0;FRESA A SPIAN. D25;1;8.0
2023-02-15T16:24:25.468Z;0.0;0.0;0.0;1.842326;1.842326;9684.441406;0.005529;0.013584;312.259857;4.209129;0.382573;0.307624;13.054636;_N_DEMO_UC_3_7_V2_MPF;0;FRESA A SPIAN. D25;1;8.0
2023-02-15T16:24:30.490Z;0.0;0.0;0.0;0.0;0.0;6705.810547;0.011566;0.006062;0.024937;4.193501;0.3695;0.300947;9.717048;_N_DEMO_UC_3_7_V2_MPF;0;FRESA A SPIAN. D25;1;8.0
2023-02-15T16:24:35.434Z;0.0;0.0;0.0;0.0;0.0;3692.512695;0.000151;0.000987;0.00307;3.230505;0.362675;0.292876;9.712974;_N_DEMO_UC_3_7_V2_MPF;0;FRESA A SPIAN. D25;1;8.0
2023-02-15T16:24:40.468Z;0.0;0.0;0.0;1.3e-05;1.3e-05;700.52478;0.003258;0.005403;0.003351;3.581487;0.362676;0.295569;9.692373;_N_DEMO_UC_3_7_V2_MPF;0;FRESA A SPIAN. D25;1;8.0
2023-02-15T16:24:45.485Z;0.0;0.0;0.0;7e-06;7e-06;0.027279;0.001653;0.000181;0.004893;0.000862;0.027905;0.001347;9.35409;_N_DEMO_UC_3_7_V2_MPF;0;FRESA A SPIAN. D25;1;8.0
2023-02-15T16:24:50.458Z;0.423205;0.0;0.0;0.0;0.423205;492.705414;0.004019;0.002298;0.015279;6.547626;0.390216;0.304744;9.72618;_N_DEMO_UC_3_7_V2_MPF;0;FRESA A SPIAN. D25;1;8.0
2023-02-15T16:24:55.477Z;2.606099;0.0;0.0;3.1e-05;2.60613;3503.896729;0.008534;0.001922;0.010654;6.707088;0.38161;0.298308;9.693251;_N_DEMO_UC_3_7_V2_MPF;0;FRESA A SPIAN. D25;1;8.0
2023-02-15T16:25:00.467Z;0.568367;1e-06;0.0;4e-05;0.568408;4700.991211;0.011396;0.016564;0.038542;1.077013;0.379052;0.295862;9.688014;_N_DEMO_UC_3_7_V2_MPF;0;FRESA A SPIAN. D25;1;8.0
2023-02-15T16:25:05.508Z;0.595823;0.0;0.0;6.6e-05;0.595889;4700.291016;0.000246;0.017333;0.020788;1.027512;0.377421;0.29645;9.674855;_N_DEMO_UC_3_7_V2_MPF;0;FRESA A SPIAN. D25;1;8.0
2023-02-15T16:25:10.491Z;0.530231;0.0;0.0;0.0;0.530231;4699.099609;0.007718;0.008408;0.048003;1.110669;0.378735;0.29356;9.671381;_N_DEMO_UC_3_7_V2_MPF;0;FRESA A SPIAN. D25;1;8.0
2023-02-15T16:25:15.627Z;0.54989;0.0;0.0;0.0;0.54989;4699.646484;0.027972;0.019702;0.015733;1.108729;0.376162;0.291029;9.675297;_N_DEMO_UC_3_7_V2_MPF;0;FRESA D12 Z3;1;2.0
2023-02-15T16:25:20.550Z;0.563644;0.0;0.0;0.0;0.563644;4700.233398;0.009673;0.001281;0.020623;1.106255;0.377443;0.291602;9.655497;_N_DEMO_UC_3_7_V2_MPF;0;FRESA D12 Z3;1;2.0
2023-02-15T16:25:25.466Z;0.574613;0.0;0.0;3.2e-05;0.5746450000000001;4700.972656;0.00449;0.02209;0.030252;1.138027;0.376484;0.291369;9.699493;_N_DEMO_UC_3_7_V2_MPF;0;FRESA D12 Z3;1;2.0
2023-02-15T16:25:30.492Z;0.584901;0.0;0.0;2.7e-05;0.584928;4698.928223;0.006506;0.003517;0.076379;1.119124;0.375029;0.289626;9.667624;_N_DEMO_UC_3_7_V2_MPF;0;FRESA D12 Z3;1;2.0
2023-02-15T16:25:35.501Z;0.547765;0.0;0.0;0.0;0.547765;4699.898438;0.00075;0.025251;0.041762;1.141094;0.374833;0.290857;9.651002;_N_DEMO_UC_3_7_V2_MPF;0;FRESA D12 Z3;1;2.0
2023-02-15T16:25:40.523Z;0.555031;0.346009;0.026504;0.0;0.927544;4699.854004;0.011739;0.253278;222.339706;1.226956;5.062109;1.351568;8.706697;_N_DEMO_UC_3_7_V2_MPF;0;FRESA D12 Z3;1;2.0
2023-02-15T16:25:45.575Z;0.563073;0.004228;0.005815;0.0;0.5731160000000001;4700.375488;68.870041;39.779324;0.030804;1.126927;0.906807;0.77784;8.53408;_N_DEMO_UC_3_7_V2_MPF;0;FRESA D12 Z3;1;2.0
2023-02-15T16:25:50.543Z;0.537798;0.005801;0.0;0.0;0.5435989999999999;4700.123047;5.122927;0.315646;65.081696;1.184109;1.844367;3.833137;9.750072;_N_DEMO_UC_3_7_V2_MPF;0;FRESA D12 Z3;1;2.0
2023-02-15T16:25:55.549Z;0.554695;1e-06;0.007122;0.0;0.561818;4699.997559;5.073281;79.5933;0.58695;1.19121;0.414149;0.881322;8.628568;_N_DEMO_UC_3_7_V2_MPF;0;FRESA D12 Z3;1;2.0
2023-02-15T16:26:00.525Z;0.566648;0.006729;0.003323;0.000189;0.576889;4700.362305;76.705406;18.584642;0.417987;1.062083;0.951476;0.731835;8.639063;_N_DEMO_UC_3_7_V2_MPF;0;FRESA D12 Z3;1;2.0
2023-02-15T16:26:05.559Z;0.535718;0.001654;0.007157;6.6e-05;0.544595;4699.680176;0.057927;79.850266;0.202461;1.09802;0.661509;0.851472;8.654342;_N_DEMO_UC_3_7_V2_MPF;0;FRESA D12 Z3;1;2.0
2023-02-15T16:26:10.564Z;0.536919;0.001729;0.007181;0.0;0.545829;4701.255859;46.993725;66.799232;0.097119;1.162331;0.802131;0.903087;8.632187;_N_DEMO_UC_3_7_V2_MPF;0;FRESA D12 Z3;1;2.0
2023-02-15T16:26:15.550Z;0.548819;0.006994;0.003558;0.000162;0.5595329999999998;4700.385254;51.136082;62.062969;0.052213;1.125567;0.96476;0.811569;8.719718;_N_DEMO_UC_3_7_V2_MPF;0;FRESA D12 Z3;1;2.0
2023-02-15T16:26:20.605Z;0.568586;0.005298;0.001976;0.0;0.57586;4699.475586;60.170158;9.127652;0.16183;1.166645;0.886596;0.682201;8.610983;_N_DEMO_UC_3_7_V2_MPF;0;FRESA D12 Z3;1;2.0
2023-02-15T16:26:25.741Z;0.565047;0.0;0.00731;7.5e-05;0.572432;4699.26123;0.020451;80.026154;0.181251;1.29047;0.395509;0.978575;8.70299;_N_DEMO_UC_3_7_V2_MPF;0;FRESA D12 Z3;1;2.0
2023-02-15T16:26:30.565Z;0.559851;0.008466;0.0;8.5e-05;0.568402;4700.766602;79.987595;0.115796;0.160492;1.235087;0.978784;0.300125;8.767284;_N_DEMO_UC_3_7_V2_MPF;0;FRESA D12 Z3;1;2.0
2023-02-15T16:26:35.626Z;0.578341;0.006245;0.004141;3e-06;0.5887299999999999;4700.404785;74.746361;26.4156;0.213719;1.196677;0.925966;0.78819;8.716983;_N_DEMO_UC_3_7_V2_MPF;0;FRESA D12 Z3;1;2.0
2023-02-15T16:26:40.575Z;0.566651;0.00373;0.007039;0.0;0.57742;4699.400879;67.999657;45.60154;0.094106;1.239655;0.989272;0.833005;8.728444;_N_DEMO_UC_3_7_V2_MPF;0;FRESA D12 Z3;1;2.0
2023-02-15T16:26:45.562Z;0.595313;0.003683;0.005608;0.0;0.6046039999999999;4699.215332;41.095638;68.57811;0.134432;1.25605;0.889423;0.846453;8.718236;_N_DEMO_UC_3_7_V2_MPF;0;FRESA D12 Z3;1;2.0
2023-02-15T16:26:50.575Z;0.592544;0.007922;4e-06;0.0;0.60047;4699.477539;78.152756;13.29488;0.13537;1.217494;0.971556;0.550738;8.745769;_N_DEMO_UC_3_7_V2_MPF;0;FRESA D12 Z3;1;2.0
2023-02-15T16:26:55.680Z;0.585736;0.007368;0.002943;0.0;0.5960470000000001;4700.249023;79.65329;5.943586;0.152755;1.161119;0.963576;0.772214;8.72645;_N_DEMO_UC_3_7_V2_MPF;0;FRESA D12 Z3;1;2.0
2023-02-15T16:27:00.576Z;0.541796;0.000978;0.005201;0.0;0.5479750000000001;4700.185059;0.006416;27.430826;0.025642;1.237687;0.723569;0.78213;8.742188;_N_DEMO_UC_3_7_V2_MPF;0;FRESA D12 Z3;1;2.0
2023-02-15T16:27:05.608Z;0.559656;0.0;0.000581;0.0;0.5602370000000001;4699.456055;1387.714844;277.414154;8.374545;1.10722;0.230145;0.74882;8.697607;_N_DEMO_UC_3_7_V2_MPF;0;FRESA D12 Z3;1;2.0
2023-02-15T16:27:10.619Z;0.544541;0.001878;0.003594;0.0;0.5500130000000001;4699.961914;48.733944;14.58877;1.218869;1.177966;0.822435;0.724445;8.185835;_N_DEMO_UC_3_7_V2_MPF;0;FRESA D12 Z3;1;2.0
2023-02-15T16:27:15.624Z;0.662742;0.004712;0.000325;0.0;0.6677790000000001;4699.566406;34.610249;35.289581;0.627358;1.319837;0.925222;0.600323;7.964186;_N_DEMO_UC_3_7_V2_MPF;0;FRESA D12 Z3;1;2.0
2023-02-15T16:27:20.699Z;0.687476;0.002483;0.00313;0.0;0.693089;4701.933105;21.580818;47.431423;1.439641;1.396276;0.160153;0.797038;8.052348;_N_DEMO_UC_3_7_V2_MPF;0;FRESA D12 Z3;1;2.0
2023-02-15T16:27:25.633Z;0.526424;0.0;0.004017;0.0;0.530441;4699.401367;3.721329;37.552555;0.01965;1.054941;0.366175;0.775607;8.63755;_N_DEMO_UC_3_7_V2_MPF;0;FRESA D12 Z3;1;2.0
2023-02-15T16:27:30.659Z;0.569054;0.0;0.004144;0.0;0.573198;4699.176758;0.011141;49.942013;0.241308;1.199785;0.352383;0.787542;8.515776;_N_DEMO_UC_3_7_V2_MPF;0;FRESA D12 Z3;1;2.0
2023-02-15T16:27:35.625Z;0.634424;0.0;0.003895;1.8e-05;0.6383369999999999;4698.976074;0.023822;49.878895;0.088317;1.331692;0.35652;0.73788;8.5318;_N_DEMO_UC_3_7_V2_MPF;0;FRESA D12 Z3;1;2.0
2023-02-15T16:27:40.596Z;0.657096;5e-06;0.004098;0.0;0.6611990000000001;4700.513672;17.886934;47.577511;0.149169;1.285773;0.629072;0.754121;8.44675;_N_DEMO_UC_3_7_V2_MPF;0;FRESA D12 Z3;1;2.0
2023-02-15T16:27:45.642Z;0.623355;0.004643;0.0;0.0;0.627998;4699.665039;49.844852;0.067452;0.058598;1.390834;0.906332;0.343374;8.427169;_N_DEMO_UC_3_7_V2_MPF;0;FRESA D12 Z3;1;2.0
2023-02-15T16:27:50.634Z;0.662957;9.8e-05;0.004154;0.0;0.667209;4699.808594;0.133814;50.032303;0.010063;1.359059;0.340746;0.783241;8.463868;_N_DEMO_UC_3_7_V2_MPF;0;FRESA D12 Z3;1;2.0
2023-02-15T16:27:55.668Z;0.731783;0.00439;0.000438;0.0;0.736611;4699.334961;35.908211;32.406677;1.716514;1.256963;0.929414;0.652387;8.087721;_N_DEMO_UC_3_7_V2_MPF;0;FRESA D12 Z3;1;2.0
2023-02-15T16:28:00.666Z;0.671539;0.002019;0.003496;0.0;0.677054;4699.166504;16.830763;48.185123;0.753515;1.370376;0.182482;0.777938;8.14175;_N_DEMO_UC_3_7_V2_MPF;0;FRESA D12 Z3;1;2.0
2023-02-15T16:28:05.762Z;0.534861;1e-06;0.003902;0.0;0.538764;4700.37207;2.295902;45.030575;0.117087;1.122074;0.358403;0.803878;8.534783;_N_DEMO_UC_3_7_V2_MPF;0;FRESA D12 Z3;1;2.0
2023-02-15T16:28:10.674Z;0.568336;3e-06;0.003917;0.0;0.5722559999999999;4700.424316;0.012784;49.903908;0.088794;1.23111;0.355149;0.764343;8.603806;_N_DEMO_UC_3_7_V2_MPF;0;FRESA D12 Z3;1;2.0
2023-02-15T16:28:15.690Z;0.625046;5e-06;0.003864;0.0;0.628915;4699.666016;0.15716;49.883698;0.525264;1.147308;0.347803;0.773855;8.584149;_N_DEMO_UC_3_7_V2_MPF;0;FRESA D12 Z3;1;2.0
2023-02-15T16:28:20.667Z;0.645569;1e-06;0.003943;0.0;0.649513;4699.399414;14.95903;48.666145;0.097863;1.292306;0.567628;0.721555;8.531579;_N_DEMO_UC_3_7_V2_MPF;0;FRESA D12 Z3;1;2.0
2023-02-15T16:28:25.731Z;0.663069;0.004616;0.0;0.0;0.667685;4700.678711;50.085495;0.049545;0.053957;1.266684;0.868017;0.368261;8.604583;_N_DEMO_UC_3_7_V2_MPF;0;FRESA D12 Z3;1;2.0
2023-02-15T16:28:30.686Z;0.665587;0.000185;0.004083;0.0;0.669855;4701.591309;0.024687;50.077;0.123972;1.336093;0.390976;0.763787;8.579039;_N_DEMO_UC_3_7_V2_MPF;0;FRESA D12 Z3;1;2.0
2023-02-15T16:28:35.715Z;0.643169;0.004569;0.000749;0.0;0.648487;4699.241699;37.207691;31.048962;1.491613;1.354597;0.892524;0.663202;8.194783;_N_DEMO_UC_3_7_V2_MPF;0;FRESA D12 Z3;1;2.0
2023-02-15T16:28:40.748Z;0.677636;0.002613;0.003218;0.0;0.683467;4700.195313;12.88797;49.133934;1.378873;1.491785;0.548044;0.772831;8.107488;_N_DEMO_UC_3_7_V2_MPF;0;FRESA D12 Z3;1;2.0
2023-02-15T16:28:45.740Z;0.542149;1e-06;0.003921;0.0;0.546071;4700.384766;2.022578;48.121117;0.060313;1.036376;0.330906;0.774691;8.496563;_N_DEMO_UC_3_7_V2_MPF;0;FRESA D12 Z3;1;2.0
2023-02-15T16:28:50.780Z;0.594832;1e-06;0.004329;0.000133;0.5992950000000001;4700.288574;0.028413;50.116478;0.26986;1.205081;0.336411;0.775957;8.54836;_N_DEMO_UC_3_7_V2_MPF;0;FRESA D12 Z3;1;2.0
2023-02-15T16:28:55.748Z;0.595534;0.0;0.003904;0.0;0.599438;4700.538574;0.006138;50.141506;0.023348;1.223593;0.358417;0.785466;8.525824;_N_DEMO_UC_3_7_V2_MPF;0;FRESA D12 Z3;1;2.0
2023-02-15T16:29:00.980Z;0.660471;0.0;0.004212;5e-06;0.6646880000000001;4700.327637;13.154489;49.2229;0.093695;1.273883;0.529733;0.747868;8.605015;_N_DEMO_UC_3_7_V2_MPF;0;FRESA D12 Z3;1;2.0
2023-02-15T16:29:05.732Z;0.65099;0.004577;3e-06;0.0;0.65557;4700.160645;49.898399;0.02325;0.247442;1.274272;0.832949;0.339451;8.533751;_N_DEMO_UC_3_7_V2_MPF;0;FRESA D12 Z3;1;2.0
2023-02-15T16:29:10.733Z;0.677979;0.000259;0.004167;0.0;0.682405;4700.361328;9.6e-05;49.832829;0.051365;1.363801;0.378083;0.762907;8.597752;_N_DEMO_UC_3_7_V2_MPF;0;FRESA D12 Z3;1;2.0
2023-02-15T16:29:15.749Z;0.66876;0.004752;0.000737;0.0;0.674249;4701.275391;38.135029;32.985893;1.239837;1.433558;0.922921;0.652863;8.200115;_N_DEMO_UC_3_7_V2_MPF;0;FRESA D12 Z3;1;2.0
2023-02-15T16:29:20.752Z;0.723308;0.002541;0.003186;0.0;0.729035;4699.295898;12.762303;48.981491;1.165031;1.396559;0.670771;0.787183;8.034696;_N_DEMO_UC_3_7_V2_MPF;0;FRESA D12 Z3;1;2.0
2023-02-15T16:29:25.805Z;0.578702;0.0;0.00399;0.0;0.5826920000000001;4700.486328;1.805961;48.34819;0.313316;1.22426;0.337605;0.784899;8.572493;_N_DEMO_UC_3_7_V2_MPF;0;FRESA D12 Z3;1;2.0
2023-02-15T16:29:30.766Z;0.605746;0.0;0.004059;0.0;0.609805;4699.712402;0.004401;49.999783;0.025384;1.172324;0.354744;0.746491;8.601124;_N_DEMO_UC_3_7_V2_MPF;0;FRESA D12 Z3;1;2.0
2023-02-15T16:29:35.774Z;0.579465;0.0;0.00398;0.000156;0.583601;4700.754883;0.11896;50.084881;0.145217;1.160804;0.357323;0.795397;8.668378;_N_DEMO_UC_3_7_V2_MPF;0;FRESA D12 Z3;1;2.0
2023-02-15T16:29:40.774Z;0.657042;0.0;0.004045;6.1e-05;0.661148;4700.156738;11.57;49.447903;0.025681;1.273122;0.438314;0.75189;8.632807;_N_DEMO_UC_3_7_V2_MPF;0;FRESA D12 Z3;1;2.0
2023-02-15T16:29:45.753Z;0.641487;0.004661;0.0;6.5e-05;0.646213;4700.679688;49.942734;0.003595;0.15226;1.381852;0.847906;0.354584;8.673516;_N_DEMO_UC_3_7_V2_MPF;0;FRESA D12 Z3;1;2.0
2023-02-15T16:29:50.750Z;0.650981;0.000481;0.003995;0.0;0.655457;4699.833984;0.00664;49.974789;0.116817;1.36165;0.398048;0.755096;8.613842;_N_DEMO_UC_3_7_V2_MPF;0;FRESA D12 Z3;1;2.0
2023-02-15T16:29:56.034Z;0.0;1e-06;1e-06;1.852887;1.852889;3856.903809;0.008201;0.000358;1500.040405;3.387337;0.381058;0.246825;11.72038;_N_DEMO_UC_3_7_V2_MPF;0;FRESA D12 Z3;1;2.0
2023-02-15T16:30:00.785Z;0.0;0.0;0.0;4e-06;4e-06;965.976807;0.009961;0.017916;0.00242;1.568722;0.371871;0.239158;9.772191;_N_DEMO_UC_3_7_V2_MPF;0;FRESA D12 Z3;1;2.0
2023-02-15T16:30:05.785Z;0.0;0.0;0.0;2.7e-05;2.7e-05;0.035314;3.2e-05;0.004658;0.058712;0.007467;6.5e-05;0.000341;0.188414;_N_DEMO_UC_3_7_V2_MPF;0;FRESA D12 Z3;1;2.0
2023-02-15T16:30:10.866Z;0.197629;0.0;0.0;1.2e-05;0.197641;41.479362;0.008957;0.000274;0.006619;6.573528;0.385706;0.268507;9.731214;_N_DEMO_UC_3_7_V2_MPF;0;FRESA D12 Z3;1;2.0
2023-02-15T16:30:15.815Z;2.38449;0.0;0.0;0.0;2.38449;3035.050537;0.038067;0.019367;0.002041;6.65833;0.379169;0.258678;9.702996;_N_DEMO_UC_3_7_V2_MPF;0;FRESA D8 L16;1;1.0
2023-02-15T16:30:20.817Z;3.989212;0.0;0.0;0.0;3.989212;5995.07959;0.02493;0.004336;0.005368;6.056168;0.370125;0.254291;9.707357;_N_DEMO_UC_3_7_V2_MPF;0;FRESA D8 L16;1;1.0
2023-02-15T16:30:25.882Z;0.635908;0.0;0.0;0.0;0.635908;7199.992676;0.021077;0.010686;0.007177;0.845933;0.384595;0.254137;9.693171;_N_DEMO_UC_3_7_V2_MPF;0;FRESA D8 L16;1;1.0
2023-02-15T16:30:30.828Z;0.515976;0.0;0.0;0.0;0.515976;7200.174805;0.005581;0.001388;0.006834;0.972529;0.379605;0.248734;9.694653;_N_DEMO_UC_3_7_V2_MPF;0;FRESA D8 L16;1;1.0
2023-02-15T16:30:35.883Z;0.596329;1e-06;0.0;0.0;0.59633;7200.257324;0.008779;0.00354;0.005215;0.84167;0.37722;0.247412;9.687748;_N_DEMO_UC_3_7_V2_MPF;0;FRESA D8 L16;1;1.0
2023-02-15T16:30:40.800Z;0.561839;0.0;0.0;0.0;0.561839;7198.833008;0.009303;0.015782;0.016303;0.873726;0.374084;0.244657;9.689696;_N_DEMO_UC_3_7_V2_MPF;0;FRESA D8 L16;1;1.0
2023-02-15T16:30:45.864Z;0.645268;2e-06;0.0;4e-06;0.6452739999999999;7201.928223;0.031569;0.007992;0.000455;0.730854;0.37063;0.243938;9.688717;_N_DEMO_UC_3_7_V2_MPF;0;FRESA D8 L16;1;1.0
2023-02-15T16:30:50.867Z;0.718999;0.0;0.0;1.6e-05;0.7190150000000001;7200.071777;0.006397;0.007151;0.0092;0.928749;0.380901;0.246639;9.689124;_N_DEMO_UC_3_7_V2_MPF;0;FRESA D8 L16;1;1.0
2023-02-15T16:30:55.879Z;0.662125;0.0;0.0;2.5e-05;0.66215;7199.151367;0.024073;6.1e-05;0.006554;0.816489;0.367153;0.243025;9.679585;_N_DEMO_UC_3_7_V2_MPF;0;FRESA D8 L16;1;1.0
2023-02-15T16:31:00.925Z;0.689177;0.0;0.0;3e-06;0.68918;7201.386719;0.007669;0.002554;0.02115;0.786113;0.365756;0.240192;9.674691;_N_DEMO_UC_3_7_V2_MPF;0;FRESA D8 L16;1;1.0
2023-02-15T16:31:05.954Z;0.713165;2e-06;0.0;6e-06;0.713173;7201.010254;0.018846;0.003462;0.002597;0.748964;0.374607;0.239866;9.673327;_N_DEMO_UC_3_7_V2_MPF;0;FRESA D8 L16;1;1.0
2023-02-15T16:31:10.879Z;0.634115;0.0;0.002649;0.0;0.636764;7200.648926;0.003744;34.458012;6.338535;0.898351;0.328311;0.726794;8.244324;_N_DEMO_UC_3_7_V2_MPF;0;FRESA D8 L16;1;1.0
2023-02-15T16:31:15.893Z;0.779526;0.000185;0.001044;0.0;0.7807550000000001;7199.603516;3.200629;14.403151;0.034647;0.745477;0.580096;0.648087;8.633402;_N_DEMO_UC_3_7_V2_MPF;0;FRESA D8 L16;1;1.0
2023-02-15T16:31:20.879Z;0.802112;0.0;0.002818;8e-06;0.804938;7201.856445;0.010878;34.921329;0.000422;0.965448;0.463508;0.772368;8.677964;_N_DEMO_UC_3_7_V2_MPF;0;FRESA D8 L16;1;1.0
2023-02-15T16:31:26.012Z;0.667938;0.00108;0.000245;0.0;0.669263;7200.67041;14.373257;4.090683;0.010367;0.801427;0.720506;0.64006;8.716509;_N_DEMO_UC_3_7_V2_MPF;0;FRESA D8 L16;1;1.0
2023-02-15T16:31:30.869Z;0.708864;1e-06;0.003122;1.5e-05;0.712002;7200.143555;0.023193;35.007362;0.041255;0.843541;0.428232;0.742912;8.717914;_N_DEMO_UC_3_7_V2_MPF;0;FRESA D8 L16;1;1.0
2023-02-15T16:31:36.098Z;0.686343;1e-06;0.002899;0.0;0.689243;7199.626953;0.011693;34.981644;2.004841;1.004327;0.312734;0.741385;8.018296;_N_DEMO_UC_3_7_V2_MPF;0;FRESA D8 L16;1;1.0
2023-02-15T16:31:40.914Z;0.677653;0.00077;0.000663;0.0;0.679086;7200.146973;6.067007;13.447197;0.020942;0.860691;0.623955;0.692558;8.498195;_N_DEMO_UC_3_7_V2_MPF;0;FRESA D8 L16;1;1.0
2023-02-15T16:31:45.927Z;0.710661;1e-06;0.002762;0.0;0.7134240000000001;7199.057617;0.018848;34.971657;0.012445;1.032423;0.431271;0.781886;8.534988;_N_DEMO_UC_3_7_V2_MPF;0;FRESA D8 L16;1;1.0
2023-02-15T16:31:51.003Z;0.628023;0.00071;0.000775;0.0;0.629508;7200.15625;14.337093;5.23838;0.008238;0.894156;0.680915;0.713267;8.54333;_N_DEMO_UC_3_7_V2_MPF;0;FRESA D8 L16;1;1.0
2023-02-15T16:31:55.957Z;0.554536;0.0;0.002622;0.0;0.557158;7199.937012;0.000533;34.990738;0.034349;0.827398;0.408666;0.747427;8.553114;_N_DEMO_UC_3_7_V2_MPF;0;FRESA D8 L16;1;1.0
2023-02-15T16:32:00.911Z;0.700075;0.0;0.00261;0.0;0.702685;7200.945801;0.027913;34.841911;2.021272;1.024874;0.32408;0.809837;8.066579;_N_DEMO_UC_3_7_V2_MPF;0;FRESA D8 L16;1;1.0
2023-02-15T16:32:05.895Z;0.620205;0.001113;9.9e-05;8e-06;0.621425;7200.09082;13.212332;7.025903;0.022914;0.865005;0.716418;0.736269;8.547405;_N_DEMO_UC_3_7_V2_MPF;0;FRESA D8 L16;1;1.0
2023-02-15T16:32:10.912Z;0.689359;0.0;0.003006;1.5e-05;0.69238;7199.055664;0.030566;35.055824;0.0144;0.951789;0.449276;0.72033;8.544446;_N_DEMO_UC_3_7_V2_MPF;0;FRESA D8 L16;1;1.0
2023-02-15T16:32:15.952Z;0.592642;0.000136;0.000996;0.0;0.593774;7200.458984;8.003135;12.853694;0.01146;0.958773;0.598849;0.663002;8.567669;_N_DEMO_UC_3_7_V2_MPF;0;FRESA D8 L16;1;1.0
2023-02-15T16:32:20.951Z;0.629955;0.000322;0.000849;0.0;0.6311260000000001;7199.560547;0.015561;35.03191;0.022229;0.839815;0.185295;0.630561;8.574145;_N_DEMO_UC_3_7_V2_MPF;0;FRESA D8 L16;1;1.0
2023-02-15T16:32:26.007Z;0.769251;1e-06;0.002975;0.0;0.772227;7200.838867;0.006879;34.846146;2.017637;1.095233;0.288208;0.779282;7.950885;_N_DEMO_UC_3_7_V2_MPF;0;FRESA D8 L16;1;1.0
2023-02-15T16:32:30.975Z;0.672438;0.000882;0.000575;0.0;0.673895;7198.666992;15.017873;2.827026;0.002983;0.953807;0.681035;0.663841;8.61276;_N_DEMO_UC_3_7_V2_MPF;0;FRESA D8 L16;1;1.0
2023-02-15T16:32:36.004Z;0.83379;0.0;0.002842;8e-06;0.83664;7200.929199;0.020024;35.032326;0.012626;0.858349;0.437791;0.879414;8.629341;_N_DEMO_UC_3_7_V2_MPF;0;FRESA D8 L16;1;1.0
2023-02-15T16:32:40.967Z;0.688316;0.0;0.002565;0.0;0.6908810000000001;7200.387695;0.134091;33.865047;0.047735;0.976432;0.46394;0.728809;8.644786;_N_DEMO_UC_3_7_V2_MPF;0;FRESA D8 L16;1;1.0
2023-02-15T16:32:45.992Z;0.681981;0.000793;0.000403;0.0;0.683177;7200.92041;7.279755;10.711754;0.007331;0.761279;0.622044;0.631687;8.645327;_N_DEMO_UC_3_7_V2_MPF;0;FRESA D8 L16;1;1.0
2023-02-15T16:32:51.024Z;0.722635;0.0;0.002697;0.0;0.725332;7200.231934;0.00085;34.461334;5.961785;0.792956;0.352017;0.713004;8.18969;_N_DEMO_UC_3_7_V2_MPF;0;FRESA D8 L16;1;1.0
2023-02-15T16:32:55.975Z;0.687362;0.000635;0.000852;3.2e-05;0.6888810000000001;7200.675781;2.864707;14.618957;0.023135;0.878084;0.750149;0.691993;8.691391;_N_DEMO_UC_3_7_V2_MPF;0;FRESA D8 L16;1;1.0
2023-02-15T16:33:00.965Z;0.788456;0.0;0.002836;2.3e-05;0.791315;7200.046875;0.048183;34.91193;0.001723;0.817601;0.398747;0.811797;8.733649;_N_DEMO_UC_3_7_V2_MPF;0;FRESA D8 L16;1;1.0
2023-02-15T16:33:05.958Z;0.792812;0.001013;0.000486;1e-06;0.794312;7199.214844;14.721667;1.873992;0.003055;0.973078;0.699925;0.622911;8.757937;_N_DEMO_UC_3_7_V2_MPF;0;FRESA D8 L16;1;1.0
2023-02-15T16:33:11.030Z;0.664475;1e-06;0.002836;0.0;0.667312;7199.518555;0.007204;34.969997;0.106278;0.814199;0.397869;0.870114;8.768406;_N_DEMO_UC_3_7_V2_MPF;0;FRESA D8 L16;1;1.0
2023-02-15T16:33:16.159Z;0.712665;1e-06;0.002779;0.0;0.715445;7198.699707;0.004666;34.999008;2.018581;0.972093;0.321597;0.765046;7.979008;_N_DEMO_UC_3_7_V2_MPF;0;FRESA D8 L16;1;1.0
2023-02-15T16:33:21.063Z;0.61587;0.001048;0.000222;2.8e-05;0.6171680000000002;7200.008789;10.66203;9.768056;0.010934;0.91774;0.702788;0.664454;8.55398;_N_DEMO_UC_3_7_V2_MPF;0;FRESA D8 L16;1;1.0
2023-02-15T16:33:25.969Z;0.732466;1e-06;0.002767;0.0;0.7352339999999999;7198.518066;0.002089;34.939919;0.004681;0.949547;0.395274;0.729557;8.589987;_N_DEMO_UC_3_7_V2_MPF;0;FRESA D8 L16;1;1.0
2023-02-15T16:33:30.975Z;0.700887;0.000438;0.000928;0.0;0.7022530000000001;7198.794922;11.291625;10.330083;0.005522;0.887883;0.708177;0.645208;8.604265;_N_DEMO_UC_3_7_V2_MPF;0;FRESA D8 L16;1;1.0
2023-02-15T16:33:35.958Z;0.573133;1.2e-05;0.001201;6e-06;0.574352;7200.552246;0.009944;35.02475;0.008754;0.85132;0.343731;0.701513;8.611934;_N_DEMO_UC_3_7_V2_MPF;0;FRESA D8 L16;1;1.0
2023-02-15T16:33:41.018Z;0.733443;0.0;0.002631;0.0;0.736074;7200.058105;0.009878;34.98299;1.990613;0.963745;0.314268;0.752749;8.003887;_N_DEMO_UC_3_7_V2_MPF;0;FRESA D8 L16;1;1.0
2023-02-15T16:33:46.032Z;0.60533;0.001035;0.000504;0.0;0.606869;7199.288086;15.084608;0.603152;0.034789;1.032677;0.708316;0.591925;8.499592;_N_DEMO_UC_3_7_V2_MPF;0;FRESA D8 L16;1;1.0
2023-02-15T16:33:51.088Z;0.695438;0.0;0.002915;1e-06;0.698354;7200.635254;0.042769;35.021187;0.012056;0.948254;0.369628;0.786732;8.537379;_N_DEMO_UC_3_7_V2_MPF;0;FRESA D8 L16;1;1.0
2023-02-15T16:33:56.169Z;0.666147;3e-06;0.002615;0.0;0.668765;7199.32373;2.502954;14.698014;0.009973;1.000512;0.468323;0.754655;8.565281;_N_DEMO_UC_3_7_V2_MPF;0;FRESA D8 L16;1;1.0
2023-02-15T16:34:01.040Z;0.578125;0.00062;0.000622;2e-06;0.5793689999999999;7199.611816;3.313343;12.500436;0.01042;0.888569;0.711529;0.684395;8.55881;_N_DEMO_UC_3_7_V2_MPF;0;FRESA D8 L16;1;1.0
2023-02-15T16:34:06.035Z;0.747877;0.0;0.003003;0.0;0.75088;7199.50293;0.030506;34.767284;2.013523;0.958501;0.303852;0.781804;8.041913;_N_DEMO_UC_3_7_V2_MPF;0;FRESA D8 L16;1;1.0
2023-02-15T16:34:11.001Z;0.60523;0.000641;0.000848;0.0;0.606719;7200.234375;12.891273;8.379214;0.005943;0.919276;0.726514;0.635248;8.61115;_N_DEMO_UC_3_7_V2_MPF;0;FRESA D8 L16;1;1.0
2023-02-15T16:34:16.073Z;0.750993;0.0;0.002705;8e-06;0.753706;7201.130859;0.005651;35.033012;0.00987;0.833472;0.370538;0.757513;8.585541;_N_DEMO_UC_3_7_V2_MPF;0;FRESA D8 L16;1;1.0
2023-02-15T16:34:21.033Z;0.735065;0.0;0.002655;0.0;0.7377199999999999;7199.572266;0.004368;35.077602;0.011659;0.883141;0.402408;0.722376;8.639784;_N_DEMO_UC_3_7_V2_MPF;0;FRESA D8 L16;1;1.0
2023-02-15T16:34:26.049Z;0.676441;0.000978;6.4e-05;5e-06;0.677488;7199.176758;11.154283;6.460727;0.002146;0.790533;0.732288;0.615853;8.613122;_N_DEMO_UC_3_7_V2_MPF;0;FRESA D8 L16;1;1.0
2023-02-15T16:34:31.044Z;0.657161;0.002872;1e-06;0.0;0.660034;7200.687988;34.551117;0.000954;6.219159;0.694309;0.823982;0.336709;8.256705;_N_DEMO_UC_3_7_V2_MPF;0;FRESA D8 L16;1;1.0
2023-02-15T16:34:36.058Z;0.750256;0.000292;0.000408;1e-05;0.7509659999999999;7200.666016;0.443609;6.966482;0.016478;0.902256;0.517189;0.678652;8.568651;_N_DEMO_UC_3_7_V2_MPF;0;FRESA D8 L16;1;1.0
2023-02-15T16:34:41.114Z;0.795998;0.003215;3e-06;0.0;0.7992159999999999;7199.777832;35.060097;0.035822;0.008114;1.060126;0.841198;0.376159;8.626037;_N_DEMO_UC_3_7_V2_MPF;0;FRESA D8 L16;1;1.0
2023-02-15T16:34:46.058Z;0.76908;0.002959;1e-06;2.2e-05;0.772062;7199.950684;35.07373;0.006517;0.005527;0.837799;0.789736;0.395147;8.662328;_N_DEMO_UC_3_7_V2_MPF;0;FRESA D8 L16;1;1.0
2023-02-15T16:34:51.066Z;0.724604;0.00319;1e-06;0.0;0.7277950000000001;7201.652832;34.868393;0.018025;2.105779;0.892322;0.879527;0.329337;8.027203;_N_DEMO_UC_3_7_V2_MPF;0;FRESA D8 L16;1;1.0
2023-02-15T16:34:56.043Z;0.62446;0.000131;0.000436;1.8e-05;0.625045;7199.92041;5.170995;4.779092;0.006466;0.875441;0.683662;0.647899;8.504821;_N_DEMO_UC_3_7_V2_MPF;0;FRESA D8 L16;1;1.0
2023-02-15T16:35:01.107Z;0.747797;0.003104;0.0;0.0;0.750901;7199.464844;35.192543;0.004385;0.015313;0.882077;0.859018;0.418962;8.575575;_N_DEMO_UC_3_7_V2_MPF;0;FRESA D8 L16;1;1.0
2023-02-15T16:35:06.059Z;0.628944;0.003013;0.0;1.5e-05;0.631972;7199.354492;35.017879;0.024785;0.017228;0.847031;0.833723;0.360459;8.570459;_N_DEMO_UC_3_7_V2_MPF;0;FRESA D8 L16;1;1.0
2023-02-15T16:35:11.107Z;0.718453;0.002981;0.0;0.0;0.721434;7198.921387;34.516811;0.064475;2.054817;0.805477;0.825966;0.28725;8.027307;_N_DEMO_UC_3_7_V2_MPF;0;FRESA D8 L16;1;1.0
2023-02-15T16:35:16.075Z;0.652164;0.000401;0.000239;1.9e-05;0.6528229999999999;7199.180664;7.076117;0.131796;0.027768;1.000307;0.670607;0.385103;8.444691;_N_DEMO_UC_3_7_V2_MPF;0;FRESA D8 L16;1;1.0
2023-02-15T16:35:21.100Z;0.68761;0.002983;0.0;0.0;0.690593;7198.76709;34.927338;0.058117;0.009329;0.930109;0.839819;0.38473;8.513912;_N_DEMO_UC_3_7_V2_MPF;0;FRESA D8 L16;1;1.0
2023-02-15T16:35:26.132Z;0.593557;0.003049;0.0;0.0;0.596606;7199.656738;35.03241;0.007986;0.023008;0.901038;0.817413;0.42424;8.532019;_N_DEMO_UC_3_7_V2_MPF;0;FRESA D8 L16;1;1.0
2023-02-15T16:35:31.116Z;0.582445;0.002706;3.6e-05;0.0;0.585187;7199.45459;2.309548;5.536082;0.000788;0.888776;0.660184;0.589585;8.528512;_N_DEMO_UC_3_7_V2_MPF;0;FRESA D8 L16;1;1.0
2023-02-15T16:35:36.155Z;0.556704;0.000442;4.1e-05;0.0;0.557187;7200.168457;3.192868;8.511798;0.002951;0.83299;0.627991;0.589704;8.538654;_N_DEMO_UC_3_7_V2_MPF;0;FRESA D8 L16;1;1.0
2023-02-15T16:35:41.164Z;0.672341;0.003111;1e-06;8e-06;0.675461;7198.796387;35.008453;0.004625;0.015404;0.88726;0.830288;0.418787;8.624121;_N_DEMO_UC_3_7_V2_MPF;0;FRESA D8 L16;1;1.0
2023-02-15T16:35:46.125Z;0.579266;0.003106;1e-06;2.1e-05;0.5823940000000001;7199.677734;6.425698;2.499005;0.012208;0.76176;0.685528;0.611108;8.645438;_N_DEMO_UC_3_7_V2_MPF;0;FRESA D8 L16;1;1.0
2023-02-15T16:35:51.127Z;0.637609;0.000205;0.00036;0.0;0.638174;7199.224121;5.301179;2.620189;0.005736;0.780837;0.670851;0.783069;8.645893;_N_DEMO_UC_3_7_V2_MPF;0;FRESA D8 L16;1;1.0
2023-02-15T16:35:56.125Z;0.604929;0.002907;0.0;0.0;0.607836;7200.599609;34.223675;0.003591;6.219595;0.830411;0.798866;0.295118;8.271282;_N_DEMO_UC_3_7_V2_MPF;0;FRESA D8 L16;1;1.0
2023-02-15T16:36:01.165Z;0.669893;0.000161;0.000413;0.0;0.6704669999999999;7199.851074;1.97672;6.812634;0.045846;0.912772;0.421992;0.625648;8.661861;_N_DEMO_UC_3_7_V2_MPF;0;FRESA D8 L16;1;1.0
2023-02-15T16:36:06.200Z;0.812062;0.003123;0.0;0.0;0.8151849999999999;7200.89502;34.994404;0.021204;0.020583;0.968183;0.843256;0.396844;8.7091;_N_DEMO_UC_3_7_V2_MPF;0;FRESA D8 L16;1;1.0
2023-02-15T16:36:11.174Z;0.647678;0.003032;0.0;3.6e-05;0.650746;7200.912109;35.074276;0.018781;0.006667;0.953894;0.832948;0.36144;8.681353;_N_DEMO_UC_3_7_V2_MPF;0;FRESA D8 L16;1;1.0
2023-02-15T16:36:16.317Z;0.7674;0.002977;1e-06;0.0;0.770378;7200.505371;35.248474;0.014383;2.091799;1.04747;0.846139;0.257191;8.012447;_N_DEMO_UC_3_7_V2_MPF;0;FRESA D8 L16;1;1.0
2023-02-15T16:36:21.158Z;0.705271;0.000213;0.000416;0.0;0.7059;7199.860352;6.074953;3.798199;0.008741;0.863033;0.678212;0.650282;8.459645;_N_DEMO_UC_3_7_V2_MPF;0;FRESA D8 L16;1;1.0
2023-02-15T16:36:26.153Z;0.710239;0.003083;2e-06;0.0;0.7133239999999998;7201.834961;35.146664;0.016116;0.017049;0.865532;0.841333;0.385504;8.480113;_N_DEMO_UC_3_7_V2_MPF;0;FRESA D8 L16;1;1.0
2023-02-15T16:36:31.174Z;0.667139;0.00308;0.0;0.0;0.670219;7200.950684;34.810123;0.013466;0.043111;0.801987;0.838231;0.423865;8.499905;_N_DEMO_UC_3_7_V2_MPF;0;FRESA D8 L16;1;1.0
2023-02-15T16:36:36.311Z;0.684908;0.003067;0.0;0.0;0.687975;7199.36084;33.959351;0.183358;2.076347;0.922607;0.832135;0.256474;7.993508;_N_DEMO_UC_3_7_V2_MPF;0;FRESA D8 L16;1;1.0
2023-02-15T16:36:41.269Z;0.695328;0.000417;0.0002;6e-06;0.6959509999999999;7200.118652;6.713564;1.110247;0.024255;0.85187;0.661598;0.101858;8.540339;_N_DEMO_UC_3_7_V2_MPF;0;FRESA D8 L16;1;1.0
2023-02-15T16:36:46.190Z;0.723219;0.00302;0.0;1.2e-05;0.726251;7199.448242;34.994949;0.034254;0.004158;0.891914;0.847288;0.418571;8.578485;_N_DEMO_UC_3_7_V2_MPF;0;FRESA D8 L16;1;1.0
2023-02-15T16:36:51.183Z;0.614443;0.003038;0.0;1.2e-05;0.617493;7199.498047;33.573841;0.027369;0.054613;0.886941;0.818012;0.403557;8.606178;_N_DEMO_UC_3_7_V2_MPF;0;FRESA D8 L16;1;1.0
2023-02-15T16:36:56.223Z;0.577612;0.003152;0.000141;0.0;0.580905;7199.288086;2.909385;5.142278;0.024037;0.745843;0.639794;0.607;8.599514;_N_DEMO_UC_3_7_V2_MPF;0;FRESA D8 L16;1;1.0
2023-02-15T16:37:01.216Z;0.61633;0.000436;0.000129;0.0;0.6168950000000001;7200.34082;4.232171;21.95599;0.195376;0.732924;0.4918;0.526788;8.507621;_N_DEMO_UC_3_7_V2_MPF;0;FRESA D8 L16;1;1.0
2023-02-15T16:37:06.256Z;0.638602;0.00305;0.0;0.0;0.641652;7200.012207;35.030056;0.052696;0.001919;0.956222;0.837502;0.39197;8.57534;_N_DEMO_UC_3_7_V2_MPF;0;FRESA D8 L16;1;1.0
2023-02-15T16:37:11.192Z;0.570845;0.001513;9e-06;1.1e-05;0.572378;7199.961426;5.750525;3.579787;0.025416;0.810115;0.745595;0.58041;8.603661;_N_DEMO_UC_3_7_V2_MPF;0;FRESA D8 L16;1;1.0
2023-02-15T16:37:16.216Z;0.524783;0.000249;0.000316;0.0;0.525348;7198.758301;6.132318;1.727802;0.001556;0.86636;0.660119;0.611645;8.622162;_N_DEMO_UC_3_7_V2_MPF;0;FRESA D8 L16;1;1.0
2023-02-15T16:37:21.275Z;0.0;0.0;1e-06;4.4e-05;4.4999999999999996e-05;5528.299805;0.008699;0.000961;1.488405;4.138968;0.313262;0.282884;9.833035;_N_DEMO_UC_3_7_V2_MPF;0;FRESA D8 L16;1;1.0
2023-02-15T16:37:26.277Z;0.0;0.0;0.0;0.0;0.0;2523.258545;0.001143;0.006196;0.198578;2.405784;0.299971;0.275119;9.730712;_N_DEMO_UC_3_7_V2_MPF;0;FRESA D8 L16;1;1.0
2023-02-15T16:37:31.456Z;0.0;0.0;0.0;4e-06;4e-06;0.023001;0.016028;0.001407;0.008444;0.591986;0.296276;0.272918;9.740156;_N_DEMO_UC_3_7_V2_MPF;0;FRESA D8 L16;1;1.0
2023-02-15T16:37:36.385Z;0.0;0.0;0.0;0.0;0.0;0.005016;0.005551;0.001677;0.0216;0.011897;0.359495;0.312975;9.792773;_N_DEMO_UC_3_7_V2_MPF;0;FRESA D8 L16;1;1.0
2023-02-15T16:37:41.305Z;1.570238;0.0;0.0;2.9e-05;1.570267;1407.47998;0.017771;0.001965;0.018516;9.1001;0.327192;0.282998;9.74539;_N_DEMO_UC_3_7_V2_MPF;0;FRESA D8 L16;1;1.0
2023-02-15T16:37:46.217Z;3.03492;0.0;0.0;3.6e-05;3.034956;4355.101563;0.014143;0.017509;0.135176;6.382694;0.325207;0.282184;9.692823;_N_DEMO_UC_3_7_V2_MPF;0;PUNTA A FORARE D8.5;1;4.0
2023-02-15T16:37:51.234Z;0.634846;0.0;0.0;6e-06;0.634852;6200.566406;0.016585;0.008645;0.004281;0.978674;0.318698;0.278617;9.722386;_N_DEMO_UC_3_7_V2_MPF;0;PUNTA A FORARE D8.5;1;4.0
2023-02-15T16:37:56.218Z;0.554167;0.0;0.0;7e-06;0.5541739999999999;6199.876953;0.009459;0.001815;0.008625;0.992875;0.314927;0.276983;9.72473;_N_DEMO_UC_3_7_V2_MPF;0;PUNTA A FORARE D8.5;1;4.0
2023-02-15T16:38:01.274Z;0.550881;0.0;0.0;1.1e-05;0.5508919999999999;6200.990234;0.015365;0.020271;0.020684;0.942914;0.313626;0.27616;9.704066;_N_DEMO_UC_3_7_V2_MPF;0;PUNTA A FORARE D8.5;1;4.0
2023-02-15T16:38:06.218Z;0.624131;0.0;0.0;0.0;0.624131;6199.68457;0.010048;0.001981;0.006447;0.881655;0.315676;0.272004;9.700767;_N_DEMO_UC_3_7_V2_MPF;0;PUNTA A FORARE D8.5;1;4.0
2023-02-15T16:38:11.274Z;0.503339;0.0;0.0;0.0;0.503339;6199.386719;0.016888;0.019614;0.000515;0.858522;0.308634;0.274897;9.700086;_N_DEMO_UC_3_7_V2_MPF;0;PUNTA A FORARE D8.5;1;4.0
2023-02-15T16:38:16.258Z;0.624777;0.0;0.0;1.2e-05;0.624789;6200.374512;0.005414;0.004903;0.013535;0.884177;0.30905;0.271401;9.704165;_N_DEMO_UC_3_7_V2_MPF;0;PUNTA A FORARE D8.5;1;4.0
2023-02-15T16:38:21.283Z;0.582755;0.0;0.0;0.0;0.582755;6199.591309;0.001685;0.001817;0.01483;0.825418;0.309822;0.266832;9.701848;_N_DEMO_UC_3_7_V2_MPF;0;PUNTA A FORARE D8.5;1;4.0
2023-02-15T16:38:26.346Z;0.502048;0.0;0.0;0.0;0.502048;6199.80127;0.003403;0.010768;0.007753;0.795683;0.308101;0.271473;9.693346;_N_DEMO_UC_3_7_V2_MPF;0;PUNTA A FORARE D8.5;1;4.0
2023-02-15T16:38:31.291Z;0.637245;0.0;0.0;1.2e-05;0.637257;6198.323242;0.012355;0.005228;0.000183;0.891751;0.306893;0.271808;9.697416;_N_DEMO_UC_3_7_V2_MPF;0;PUNTA A FORARE D8.5;1;4.0
2023-02-15T16:38:36.310Z;0.564393;0.0;0.0;0.0;0.564393;6200.93457;0.008793;0.004504;0.006871;0.882578;0.30642;0.271288;9.704326;_N_DEMO_UC_3_7_V2_MPF;0;PUNTA A FORARE D8.5;1;4.0
2023-02-15T16:38:41.308Z;0.535727;0.0;0.0;0.0;0.535727;6200.838867;0.013946;0.077614;1498.694336;0.971679;0.368967;0.239216;6.763827;_N_DEMO_UC_3_7_V2_MPF;0;PUNTA A FORARE D8.5;1;4.0
2023-02-15T16:38:46.319Z;0.590044;2e-06;0.0;0.485816;1.0758619999999999;6199.733887;0.006497;0.019853;0.002226;0.99725;0.334545;0.213108;11.783298;_N_DEMO_UC_3_7_V2_MPF;0;PUNTA A FORARE D8.5;1;4.0
2023-02-15T16:38:51.628Z;0.612729;0.0;2e-06;2.3e-05;0.6127539999999999;6199.908691;0.011328;0.027047;483.559631;0.878671;1.942588;0.287569;9.190701;_N_DEMO_UC_3_7_V2_MPF;0;PUNTA A FORARE D8.5;1;4.0
2023-02-15T16:38:56.324Z;0.639392;0.0;0.0;0.0;0.639392;6199.361816;0.003857;0.048412;137.065216;0.924986;0.362456;3.079587;9.653099;_N_DEMO_UC_3_7_V2_MPF;0;PUNTA A FORARE D8.5;1;4.0
2023-02-15T16:39:01.340Z;0.594648;0.0;0.0;0.253672;0.84832;6200.001465;0.002153;0.004037;1455.751953;0.828023;0.358607;0.267459;11.761662;_N_DEMO_UC_3_7_V2_MPF;0;PUNTA A FORARE D8.5;1;4.0
2023-02-15T16:39:06.372Z;0.0;1e-06;0.0;5e-06;6e-06;3565.784668;0.000376;0.001965;0.009366;3.674449;0.355896;0.267414;9.664068;_N_DEMO_UC_3_7_V2_MPF;0;PUNTA A FORARE D8.5;1;4.0
2023-02-15T16:39:11.345Z;0.0;0.0;0.0;1.3e-05;1.3e-05;534.136292;0.020016;0.001889;0.024904;4.956855;0.349464;0.264187;9.651423;_N_DEMO_UC_3_7_V2_MPF;0;PUNTA A FORARE D8.5;1;4.0
2023-02-15T16:39:16.317Z;0.0;0.0;0.0;3e-06;3e-06;0.023894;0.006301;0.006454;0.000863;0.004107;0.348463;0.262659;9.63287;_N_DEMO_UC_3_7_V2_MPF;0;PUNTA A FORARE D8.5;1;4.0
2023-02-15T16:39:21.396Z;0.0;0.0;0.0;1e-06;1e-06;0.040602;0.011065;0.00299;7.5e-05;0.006916;0.35235;0.261217;9.626634;_N_DEMO_UC_3_7_V2_MPF;0;PUNTA A FORARE D8.5;1;4.0
2023-02-15T16:39:26.333Z;0.0;0.0;0.0;3e-06;3e-06;0.005451;0.013152;0.003303;0.000687;0.00222;0.345452;0.259931;9.623672;_N_DEMO_UC_3_7_V2_MPF;0;PUNTA A FORARE D8.5;0;4.0
2023-02-15T16:39:31.328Z;0.0;1e-06;0.0;2e-06;3e-06;0.008422;0.004737;0.006149;0.000786;0.016388;0.344751;0.261034;9.621232;_N_DEMO_UC_3_7_V2_MPF;0;PUNTA A FORARE D8.5;0;4.0
2023-02-15T16:39:36.308Z;0.0;0.0;0.0;0.0;0.0;0.046679;0.015769;0.004388;0.000216;0.014863;0.342002;0.259331;9.620989;_N_DEMO_UC_3_7_V2_MPF;0;PUNTA A FORARE D8.5;0;4.0
2023-02-15T16:39:41.326Z;0.0;1e-06;0.0;0.0;1e-06;0.016321;0.005861;0.004582;0.002621;0.015868;0.347918;0.259275;9.61451;_N_DEMO_UC_3_7_V2_MPF;0;PUNTA A FORARE D8.5;0;4.0
