_time;Power_SP1;Power_X1;Power_Y1;Power_Z1;Total_power;actual_Speed_SP1;actual_Speed_X1;actual_Speed_Y1;actual_Speed_Z1;Torque_SP1;Torque_X1;Torque_Y1;Torque_Z1;NCProgram;Pressure;dictID
2023-01-12T13:13:52.507Z;0.0;0.0;0.0;1.5e-05;1.5e-05;1.854474;0.0116;0.003877;162.602554;0.227905;0.003251;0.524744;9.72221;_N_DEMO_UC_3_7_MPF;0;nan
2023-01-12T13:13:58.003Z;0.0;0.0;0.0;2.7e-05;2.7e-05;0.012039;0.010171;0.005775;0.343384;0.005972;0.000567;0.002415;7.504961;_N_DEMO_UC_3_7_MPF;0;nan
2023-01-12T13:14:02.585Z;0.0;0.0;0.0;1e-06;1e-06;0.053535;0.000696;0.009114;0.002393;0.009307;0.001906;0.028433;9.299029;_N_DEMO_UC_3_7_MPF;0;nan
2023-01-12T13:14:07.496Z;0.0;0.0;0.0;2e-06;2e-06;0.007104;0.005168;0.020064;0.002614;0.005611;0.002321;0.036156;9.294506;_N_DEMO_UC_3_7_MPF;0;nan
2023-01-12T13:14:12.906Z;0.0;0.0;0.0;0.0;0.0;0.036475;0.003601;0.00846;0.001643;0.01159;0.002304;0.04278;9.295736;_N_DEMO_UC_3_7_MPF;0;nan
2023-01-12T13:14:17.737Z;0.0;0.0;0.0;0.0;0.0;0.008327;0.00185;0.005036;0.007419;0.013037;0.000984;0.048105;9.293768;_N_DEMO_UC_3_7_MPF;1;nan
2023-01-12T13:14:22.642Z;1.336263;0.0;0.0;0.0;1.336263;902.816101;0.000626;0.011285;0.016716;9.683839;0.002062;0.049664;9.2967;_N_DEMO_UC_3_7_MPF;1;nan
2023-01-12T13:14:27.560Z;2.890624;0.0;0.0;0.0;2.890624;3879.741699;0.008337;0.008824;0.009536;6.6759;0.001455;0.043539;9.298303;_N_DEMO_UC_3_7_MPF;1;nan
2023-01-12T13:14:32.602Z;0.588189;0.0;0.0;5e-06;0.588194;6701.015625;0.003354;0.004106;0.01203;0.958909;0.000147;0.048984;9.295196;_N_DEMO_UC_3_7_MPF;1;nan
2023-01-12T13:14:37.658Z;0.737601;0.0;0.0;1.5e-05;0.7376159999999999;6699.916016;0.008557;0.024953;0.006339;0.963729;0.000945;0.050375;9.300561;_N_DEMO_UC_3_7_MPF;1;nan
2023-01-12T13:14:42.819Z;0.671135;0.0;0.0;0.0;0.671135;6698.225098;0.002973;0.001678;0.011386;1.004907;9.1e-05;0.051565;9.294341;_N_DEMO_UC_3_7_MPF;1;nan
2023-01-12T13:14:47.610Z;0.638007;0.0;0.0;0.0;0.638007;6700.441895;0.000448;0.011743;0.001877;0.946332;0.000681;0.050583;9.302732;_N_DEMO_UC_3_7_MPF;1;nan
2023-01-12T13:14:52.820Z;0.618489;0.0;0.0;2.8e-05;0.618517;6701.047852;0.006782;0.004562;0.004672;0.955744;0.000959;0.053234;9.303532;_N_DEMO_UC_3_7_MPF;1;nan
2023-01-12T13:14:57.627Z;0.706747;0.0;0.0;1e-06;0.706748;6699.845215;0.005883;0.002784;0.015009;0.958966;0.002564;0.055549;9.314666;_N_DEMO_UC_3_7_MPF;1;nan
2023-01-12T13:15:02.651Z;0.604973;0.0;0.0;0.0;0.604973;6700.21582;0.018124;0.039787;0.008009;1.015223;0.000856;0.049072;9.281936;_N_DEMO_UC_3_7_MPF;1;nan
2023-01-12T13:15:07.646Z;0.68381;0.0;0.0;2.6e-05;0.683836;6700.331055;0.016298;0.01111;0.007322;0.99402;0.000156;0.048913;9.297688;_N_DEMO_UC_3_7_MPF;1;nan
2023-01-12T13:15:12.612Z;0.672977;0.0;0.0;1.7e-05;0.6729940000000001;6698.849121;0.015918;0.023605;0.002198;0.994616;0.001677;0.051894;9.304529;_N_DEMO_UC_3_7_MPF;1;nan
2023-01-12T13:15:17.621Z;0.666493;0.0;0.0;1.2e-05;0.666505;6700.572266;0.01332;0.023817;0.005892;0.846982;0.000239;0.050441;9.280242;_N_DEMO_UC_3_7_MPF;1;nan
2023-01-12T13:15:22.639Z;0.657183;0.0;0.0;0.0;0.657183;6700.030762;0.001779;0.022197;0.002348;0.94958;0.002179;0.052026;9.282114;_N_DEMO_UC_3_7_MPF;1;nan
2023-01-12T13:15:27.700Z;0.601127;0.0;0.0;0.0;0.601127;6699.358398;0.03119;0.031429;1499.827148;1.004885;0.007205;0.057581;6.465791;_N_DEMO_UC_3_7_MPF;1;nan
2023-01-12T13:15:32.684Z;1.283161;0.010568;0.0;1.3e-05;1.293742;6699.787109;85.267944;0.020513;0.011565;1.930601;1.164342;0.457308;8.63747;_N_DEMO_UC_3_7_MPF;1;nan
2023-01-12T13:15:37.667Z;1.41162;0.010136;0.0;0.0;1.421756;6700.30957;85.036728;0.080338;0.011617;1.949267;1.085512;0.458895;8.62858;_N_DEMO_UC_3_7_MPF;1;nan
2023-01-12T13:15:42.751Z;1.212022;0.01009;0.0;0.0;1.2221119999999999;6700.208496;84.82399;0.041627;0.018823;2.068041;1.174351;0.450182;8.70012;_N_DEMO_UC_3_7_MPF;1;nan
2023-01-12T13:15:47.685Z;0.887061;3e-06;0.008389;0.0;0.8954529999999999;6700.655762;0.253882;85.154861;0.013689;1.374619;0.309918;1.003181;8.688038;_N_DEMO_UC_3_7_MPF;1;nan
2023-01-12T13:15:52.645Z;1.366108;0.009998;2e-06;0.0;1.376108;6698.4375;84.863998;0.031371;0.000125;1.84773;1.068842;0.372475;8.697999;_N_DEMO_UC_3_7_MPF;1;nan
2023-01-12T13:15:57.708Z;1.343596;0.009189;0.0;0.0;1.352785;6698.122559;84.814156;0.042649;0.003364;1.8394;1.055349;0.360408;8.71946;_N_DEMO_UC_3_7_MPF;1;nan
2023-01-12T13:16:02.688Z;0.594747;0.010064;0.0;0.0;0.604811;6700.857422;85.138489;0.006775;0.018074;1.012311;1.145247;0.392204;8.70601;_N_DEMO_UC_3_7_MPF;1;nan
2023-01-12T13:16:07.734Z;0.701882;0.004087;0.006996;3.2e-05;0.712997;6699.400391;25.012241;80.781441;0.010134;0.981486;0.893618;0.910815;8.544644;_N_DEMO_UC_3_7_MPF;1;nan
2023-01-12T13:16:12.742Z;1.470142;0.009565;0.0;2.3e-05;1.4797300000000002;6699.918945;85.472771;0.051794;0.018979;2.138422;1.178344;0.604373;8.564978;_N_DEMO_UC_3_7_MPF;1;nan
2023-01-12T13:16:17.865Z;1.533389;0.009783;0.0;0.0;1.543172;6699.847168;85.133499;0.004363;0.006897;2.070981;1.053834;0.602913;8.568406;_N_DEMO_UC_3_7_MPF;1;nan
2023-01-12T13:16:22.758Z;0.67591;0.008916;0.002413;6e-06;0.687245;6700.540039;84.560394;7.053452;0.002807;0.906346;1.081896;0.777501;8.604761;_N_DEMO_UC_3_7_MPF;1;nan
2023-01-12T13:16:27.805Z;1.33102;0.008157;0.002471;0.0;1.341648;6700.680176;65.610359;53.192169;0.024543;1.918988;1.046943;0.716977;8.57358;_N_DEMO_UC_3_7_MPF;1;nan
2023-01-12T13:16:32.783Z;1.477632;0.00921;2e-06;4.5e-05;1.4868890000000001;6700.75293;85.304756;0.072601;0.028114;2.003846;1.097783;0.475682;8.583584;_N_DEMO_UC_3_7_MPF;1;nan
2023-01-12T13:16:37.791Z;1.486829;0.009622;0.0;1.2e-05;1.4964629999999999;6698.834961;85.135193;0.004941;0.001373;2.121063;1.038676;0.466689;8.570968;_N_DEMO_UC_3_7_MPF;1;nan
2023-01-12T13:16:42.791Z;0.671667;0.003002;2e-06;0.58818;1.262851;6701.021973;85.327507;0.017109;0.025871;0.964359;1.060968;0.500322;8.595345;_N_DEMO_UC_3_7_MPF;1;nan
2023-01-12T13:16:47.927Z;1.010336;0.009685;0.0;2.7e-05;1.0200479999999998;6699.960938;90.023766;0.008211;0.009212;1.406691;1.047744;0.398845;8.607835;_N_DEMO_UC_3_7_MPF;1;nan
2023-01-12T13:16:52.831Z;0.959017;0.009526;0.0;0.0;0.968543;6700.223633;90.019897;0.026263;0.014528;1.519138;0.985286;0.389964;8.642586;_N_DEMO_UC_3_7_MPF;1;nan
2023-01-12T13:16:57.819Z;0.669207;0.009573;1e-06;1.9e-05;0.6788000000000001;6700.144043;89.88237;0.020517;0.008739;1.087657;1.033739;0.41094;8.649047;_N_DEMO_UC_3_7_MPF;1;nan
2023-01-12T13:17:02.792Z;1.056536;0.010186;0.0;6e-06;1.066728;6700.473145;89.714279;0.000301;0.002891;1.489982;1.054154;0.32187;8.62485;_N_DEMO_UC_3_7_MPF;1;nan
2023-01-12T13:17:07.816Z;0.972705;0.010118;0.0;1.3e-05;0.982836;6700.654297;90.004517;0.000291;0.000913;1.427356;1.095578;0.315287;8.667821;_N_DEMO_UC_3_7_MPF;1;nan
2023-01-12T13:17:12.888Z;0.722571;0.000556;0.008164;1.6e-05;0.7313069999999999;6700.265137;89.988914;0.016536;0.029472;0.847621;1.058627;0.326804;8.649442;_N_DEMO_UC_3_7_MPF;1;nan
2023-01-12T13:17:17.859Z;1.097216;0.010029;0.0;0.0;1.107245;6698.184082;90.212234;0.00021;0.016858;1.37011;1.050731;0.388501;8.631048;_N_DEMO_UC_3_7_MPF;1;nan
2023-01-12T13:17:22.817Z;1.047112;0.009546;1e-06;0.0;1.056659;6699.876465;89.896408;0.010133;0.03108;1.49347;0.964803;0.383076;8.681115;_N_DEMO_UC_3_7_MPF;1;nan
2023-01-12T13:17:27.857Z;0.896829;0.0;0.008393;1.6e-05;0.905238;6701.338379;0.025606;89.996368;0.011112;1.2816;0.357031;0.910779;8.663116;_N_DEMO_UC_3_7_MPF;1;nan
2023-01-12T13:17:33.057Z;1.012977;0.0101;0.0;6e-06;1.023083;6700.774414;89.811371;0.006766;0.014931;1.404174;1.089129;0.386414;8.677798;_N_DEMO_UC_3_7_MPF;1;nan
2023-01-12T13:17:37.953Z;1.021452;0.010127;0.0;1.3e-05;1.031592;6699.512695;90.348412;0.010934;0.001916;1.545724;1.126112;0.387395;8.673222;_N_DEMO_UC_3_7_MPF;1;nan
2023-01-12T13:17:42.884Z;0.956046;0.009851;0.0;6e-06;0.965903;6700.60498;82.062691;4.339333;0.024808;1.364434;1.08465;0.39276;8.649624;_N_DEMO_UC_3_7_MPF;1;nan
2023-01-12T13:17:47.893Z;1.001538;0.009945;0.0;0.0;1.0114830000000001;6700.631348;90.190918;0.022772;0.01429;1.367514;1.014096;0.381687;8.658971;_N_DEMO_UC_3_7_MPF;1;nan
2023-01-12T13:17:52.866Z;0.72511;0.009906;0.0;1.3e-05;0.735029;6698.821777;90.133713;0.081903;0.000639;1.109482;1.005331;0.376638;8.659034;_N_DEMO_UC_3_7_MPF;1;nan
2023-01-12T13:17:57.877Z;0.804865;0.00959;0.0;0.0;0.814455;6699.71582;90.123238;0.032469;0.008737;1.139246;1.026467;0.385711;8.677183;_N_DEMO_UC_3_7_MPF;1;nan
2023-01-12T13:18:02.922Z;0.819518;0.009163;0.0;3.8e-05;0.828719;6699.362305;90.016113;0.015196;0.009496;1.228528;1.030103;0.376329;8.70664;_N_DEMO_UC_3_7_MPF;1;nan
2023-01-12T13:18:07.971Z;0.760882;0.009623;0.0;0.0;0.770505;6700.4375;90.068115;0.024218;0.013946;1.250347;1.003559;0.373097;8.725738;_N_DEMO_UC_3_7_MPF;1;nan
2023-01-12T13:18:12.961Z;0.717372;0.009817;0.0;0.0;0.727189;6701.376953;8.165281;552.593079;0.00133;0.862326;0.568401;0.181181;8.72983;_N_DEMO_UC_3_7_MPF;1;nan
2023-01-12T13:18:18.139Z;0.846341;0.010077;0.0;7e-06;0.856425;6699.272949;90.171951;0.015282;0.008318;1.174689;1.069142;0.324596;8.717968;_N_DEMO_UC_3_7_MPF;1;nan
2023-01-12T13:18:22.939Z;0.775387;0.009776;0.0;0.0;0.785163;6700.068848;90.148674;0.020771;0.014572;1.192657;1.06249;0.31634;8.748363;_N_DEMO_UC_3_7_MPF;1;nan
2023-01-12T13:18:27.915Z;0.711876;0.009914;0.0;0.0;0.7217899999999999;6700.720703;90.058334;0.00641;0.001614;0.973781;1.038044;0.325437;8.732032;_N_DEMO_UC_3_7_MPF;1;nan
2023-01-12T13:18:32.971Z;0.867339;0.009527;0.0;1e-05;0.8768759999999999;6699.201172;90.236816;0.028559;7.2e-05;1.188918;1.013617;0.35853;8.738824;_N_DEMO_UC_3_7_MPF;1;nan
2023-01-12T13:18:37.986Z;0.877596;0.00972;1e-06;0.0;0.887317;6699.873047;90.023529;0.005705;0.005991;1.256864;1.032067;0.354347;8.758312;_N_DEMO_UC_3_7_MPF;1;nan
2023-01-12T13:18:42.932Z;0.682592;0.009828;0.0;7e-06;0.6924269999999999;6700.941895;90.160141;0.012291;0.000491;0.987144;1.047907;0.34681;8.728716;_N_DEMO_UC_3_7_MPF;1;nan
2023-01-12T13:18:47.956Z;0.849466;0.010153;0.0;0.0;0.859619;6698.605469;90.057571;0.027497;0.002149;1.193329;1.064034;0.409;8.738555;_N_DEMO_UC_3_7_MPF;1;nan
2023-01-12T13:18:52.940Z;0.82692;0.009823;0.0;4e-06;0.836747;6700.285645;89.850327;0.006731;0.019417;1.166465;1.048301;0.402103;8.741626;_N_DEMO_UC_3_7_MPF;1;nan
2023-01-12T13:18:57.935Z;0.706397;0.009927;0.0;0.0;0.7163240000000001;6700.243164;89.828529;0.017048;0.009603;0.975049;1.047998;0.413143;8.746898;_N_DEMO_UC_3_7_MPF;1;nan
2023-01-12T13:19:03.043Z;0.732862;0.009653;1e-06;2.6e-05;0.742542;6699.103516;89.794441;0.005141;0.01234;1.2145;1.025534;0.413624;8.738805;_N_DEMO_UC_3_7_MPF;1;nan
2023-01-12T13:19:08.005Z;0.769453;0.009538;1e-06;1.7e-05;0.7790090000000002;6699.654297;89.956932;0.032079;0.006729;1.190333;1.029614;0.400814;8.756007;_N_DEMO_UC_3_7_MPF;1;nan
2023-01-12T13:19:13.149Z;0.765478;0.009534;1e-06;0.0;0.7750130000000001;6699.873047;90.260864;0.031884;0.004682;1.060477;0.999877;0.396725;8.74598;_N_DEMO_UC_3_7_MPF;1;nan
2023-01-12T13:19:18.111Z;0.0;2e-06;0.0;2.121055;2.121057;6700.066406;0.010637;0.03801;745.672852;1.046971;0.36811;0.385345;5.193924;_N_DEMO_UC_3_7_MPF;1;nan
2023-01-12T13:19:23.297Z;0.0;0.0;1e-06;1.8e-05;1.9e-05;3906.227051;0.005249;0.017565;0.03616;3.714514;0.362853;0.390149;9.861981;_N_DEMO_UC_3_7_MPF;1;nan
2023-01-12T13:19:28.032Z;0.0;0.0;0.0;1.7e-05;1.7e-05;882.214355;0.009274;0.005852;0.014554;3.077925;0.366501;0.387505;9.834835;_N_DEMO_UC_3_7_MPF;1;nan
2023-01-12T13:19:33.884Z;3e-06;0.0;0.0;0.0;3e-06;0.057963;0.032476;2.00288;7.4591;0.015725;0.006407;0.004647;0.076412;_N_DEMO_UC_3_7_MPF;1;nan
2023-01-12T13:19:38.157Z;0.0;0.0;0.0;1e-06;1e-06;0.038511;0.003776;0.001792;0.001244;0.004876;0.395596;0.410418;9.81533;_N_DEMO_UC_3_7_MPF;1;nan
2023-01-12T13:19:43.246Z;1.942673;0.0;0.0;0.0;1.942673;2135.930664;0.003773;0.003044;0.026321;8.94194;0.382148;0.399688;9.816245;_N_DEMO_UC_3_7_MPF;1;nan
2023-01-12T13:19:48.200Z;3.527071;0.0;1e-06;3.5e-05;3.527107;5097.676758;0.009532;0.03192;0.018705;6.166133;0.378681;0.400643;9.790339;_N_DEMO_UC_3_7_MPF;1;nan
2023-01-12T13:19:53.081Z;5.379452;0.0;0.0;1e-06;5.379453;8092.50293;0.003658;2.8e-05;0.063936;6.083532;0.358463;0.399534;9.765581;_N_DEMO_UC_3_7_MPF;1;nan
2023-01-12T13:19:58.113Z;0.808042;0.0;0.0;1.9e-05;0.808061;9499.506836;0.001211;0.006391;0.021646;0.890307;0.359003;0.394896;9.734128;_N_DEMO_UC_3_7_MPF;1;nan
2023-01-12T13:20:03.105Z;0.78797;0.0;0.0;0.0;0.78797;9500.133789;0.006226;0.001364;0.011965;0.698845;0.360114;0.392841;9.753258;_N_DEMO_UC_3_7_MPF;1;nan
2023-01-12T13:20:08.098Z;0.795612;0.0;0.0;1e-05;0.7956219999999999;9499.416016;0.001602;0.006957;0.010558;0.786645;0.360675;0.392137;9.720996;_N_DEMO_UC_3_7_MPF;1;nan
2023-01-12T13:20:13.145Z;0.794021;0.0;0.0;0.0;0.794021;9500.040039;0.004754;0.023131;0.010805;0.822279;0.360698;0.391497;9.759659;_N_DEMO_UC_3_7_MPF;1;nan
2023-01-12T13:20:18.143Z;0.844726;0.0;0.0;0.0;0.844726;9500.608398;0.004459;0.007214;0.009936;0.751805;0.364417;0.392383;9.757629;_N_DEMO_UC_3_7_MPF;1;nan
2023-01-12T13:20:23.191Z;0.735464;0.0;0.0;0.0;0.735464;9499.176758;0.006773;0.015724;0.038414;1.069294;0.364828;0.389889;9.729197;_N_DEMO_UC_3_7_MPF;1;nan
2023-01-12T13:20:28.162Z;0.826431;0.0;0.0;1.3e-05;0.8264440000000001;9500.183594;0.006985;0.008658;0.008488;0.810584;0.364281;0.390412;9.749556;_N_DEMO_UC_3_7_MPF;1;nan
2023-01-12T13:20:33.130Z;0.891497;0.0;0.0;4e-06;0.891501;9499.459961;0.003852;0.009273;0.004672;0.774157;0.363652;0.390211;9.736179;_N_DEMO_UC_3_7_MPF;1;nan
2023-01-12T13:20:38.120Z;0.890017;0.0;0.0;0.0;0.890017;9499.852539;0.003716;0.027006;0.019212;0.940274;0.361078;0.388196;9.735499;_N_DEMO_UC_3_7_MPF;1;nan
2023-01-12T13:20:43.160Z;0.83303;0.0;0.0;1.2e-05;0.8330420000000001;9499.077148;0.000537;0.00043;0.007732;0.948529;0.364384;0.38654;9.738243;_N_DEMO_UC_3_7_MPF;1;nan
2023-01-12T13:20:48.169Z;0.819663;0.0;0.0;0.0;0.819663;9498.838867;0.003671;0.042039;1497.342285;0.915548;0.362905;0.382029;6.637944;_N_DEMO_UC_3_7_MPF;1;nan
2023-01-12T13:20:53.272Z;0.929964;0.007385;0.007154;1.6e-05;0.944519;9502.720703;70.579437;70.791779;0.021821;0.912607;1.037045;0.890649;8.687823;_N_DEMO_UC_3_7_MPF;1;nan
2023-01-12T13:20:58.145Z;0.802074;5.5e-05;0.0;0.0;0.802129;9501.392578;64.820122;75.89402;0.011829;0.810553;0.187376;1.19283;8.718973;_N_DEMO_UC_3_7_MPF;1;nan
2023-01-12T13:21:03.212Z;0.958031;0.006817;0.006238;1.8e-05;0.9711039999999999;9499.582031;117.907112;31.604736;0.03801;1.011211;0.958056;0.872648;8.733798;_N_DEMO_UC_3_7_MPF;1;nan
2023-01-12T13:21:08.252Z;0.952188;0.032265;0.060399;0.002067;1.0469190000000002;9501.625;94.387413;30.132763;0.009157;0.739206;1.100645;0.74044;8.73782;_N_DEMO_UC_3_7_MPF;1;nan
2023-01-12T13:21:13.252Z;0.970654;0.006432;0.007146;0.0;0.984232;9501.27832;506.927673;3.923157;0.009672;0.808168;0.932406;0.873188;8.617773;_N_DEMO_UC_3_7_MPF;1;nan
2023-01-12T13:21:18.252Z;1.0003;0.006557;0.006955;0.0;1.013812;9500.483398;65.056122;75.924545;0.029552;1.051958;0.962522;0.91211;8.648336;_N_DEMO_UC_3_7_MPF;1;nan
2023-01-12T13:21:23.202Z;0.844716;0.007144;0.006151;9e-06;0.8580200000000001;9499.260742;70.79126;70.643456;0.070289;0.937629;0.950382;0.889558;8.65881;_N_DEMO_UC_3_7_MPF;1;nan
2023-01-12T13:21:28.285Z;0.916167;0.010889;0.002076;1.9e-05;0.929151;9498.623047;94.632965;25.491339;0.012351;1.012848;1.073268;0.773445;8.675902;_N_DEMO_UC_3_7_MPF;1;nan
2023-01-12T13:21:33.217Z;0.820951;0.006436;0.007343;4e-06;0.834734;9500.171875;65.125725;75.949173;0.001753;0.933218;0.915867;0.955422;8.746756;_N_DEMO_UC_3_7_MPF;1;nan
2023-01-12T13:21:38.315Z;0.674062;0.036573;0.009409;0.0;0.720044;9499.890625;65.009354;75.983521;0.030773;0.749737;0.931195;0.914745;8.78225;_N_DEMO_UC_3_7_MPF;1;nan
2023-01-12T13:21:43.346Z;0.886166;0.004429;0.008617;0.0;0.899212;9500.1875;1.752227;1108.988281;0.036535;0.822498;0.64263;0.708001;8.781686;_N_DEMO_UC_3_7_MPF;1;nan
2023-01-12T13:21:48.326Z;0.900391;0.007031;0.007425;0.0;0.9148470000000001;9500.708008;70.88987;70.722557;0.042961;0.839936;0.963196;0.951028;8.732979;_N_DEMO_UC_3_7_MPF;1;nan
2023-01-12T13:21:53.254Z;0.959572;7.2e-05;0.011859;0.0;0.9715029999999999;9500.649414;65.127525;75.927406;0.008242;0.765197;0.587033;1.567852;8.804757;_N_DEMO_UC_3_7_MPF;1;nan
2023-01-12T13:21:58.286Z;1.112153;0.00666;0.006266;0.0;1.1250790000000002;9499.506836;102.477089;40.415184;0.018926;0.842694;0.875393;0.874684;8.790702;_N_DEMO_UC_3_7_MPF;1;nan
2023-01-12T13:22:03.327Z;0.738205;0.09214;0.071601;0.008842;0.910788;9499.164063;95.441093;30.334637;0.029385;0.734902;1.08683;0.731157;8.808543;_N_DEMO_UC_3_7_MPF;1;nan
2023-01-12T13:22:08.252Z;0.857397;0.008065;0.005618;0.0;0.87108;9500.09375;1224.866943;0.054579;0.002479;0.912835;0.817359;0.77709;8.623354;_N_DEMO_UC_3_7_MPF;1;nan
2023-01-12T13:22:13.476Z;0.98915;0.006304;0.006925;0.0;1.002379;9498.748047;65.132164;75.796776;0.044093;1.114958;0.918061;0.866639;8.628981;_N_DEMO_UC_3_7_MPF;1;nan
2023-01-12T13:22:18.271Z;0.805371;0.006893;0.006428;1.4e-05;0.8187059999999999;9498.607422;70.608498;70.680092;0.008968;0.973524;0.912175;0.868649;8.642751;_N_DEMO_UC_3_7_MPF;1;nan
2023-01-12T13:22:23.271Z;0.823558;0.011371;0.000351;0.0;0.83528;9501.90625;83.41729;46.392487;0.088872;0.960227;1.042515;0.720425;8.68987;_N_DEMO_UC_3_7_MPF;1;nan
2023-01-12T13:22:28.455Z;0.857567;0.006311;0.007417;0.0;0.8712949999999999;9500.181641;65.047386;75.864906;0.041648;1.010214;0.907907;0.922569;8.721547;_N_DEMO_UC_3_7_MPF;1;nan
2023-01-12T13:22:33.429Z;0.912692;0.006209;0.007031;8e-06;0.92594;9499.461914;65.025772;75.982849;0.010116;0.738097;0.901898;0.887991;8.740791;_N_DEMO_UC_3_7_MPF;1;nan
2023-01-12T13:22:38.365Z;0.975581;0.002007;0.008397;0.0;0.985985;9501.583984;8.026126;985.472839;0.038154;0.758037;0.351963;2.572035;8.790336;_N_DEMO_UC_3_7_MPF;1;nan
2023-01-12T13:22:43.415Z;0.791384;0.007111;0.007091;3e-06;0.8055889999999999;9500.957031;71.672424;69.897285;0.040137;0.789411;0.963021;0.903067;8.787523;_N_DEMO_UC_3_7_MPF;1;nan
2023-01-12T13:22:48.328Z;0.829281;0.001992;0.320202;1e-06;1.151476;9500.070313;65.021942;75.939072;0.069292;0.859459;0.937195;0.898377;8.780515;_N_DEMO_UC_3_7_MPF;1;nan
2023-01-12T13:22:53.368Z;0.822483;0.006856;0.00623;0.0;0.8355689999999999;9499.734375;201.411102;6.444047;0.005188;0.861995;0.905289;0.793866;8.803885;_N_DEMO_UC_3_7_MPF;1;nan
2023-01-12T13:22:58.334Z;0.683807;0.010961;0.000563;0.003033;0.698364;9498.741211;81.96418;53.250023;0.014429;0.844308;1.032413;0.783762;8.774471;_N_DEMO_UC_3_7_MPF;1;nan
2023-01-12T13:23:03.342Z;0.904965;0.005162;0.001489;3.3e-05;0.9116489999999999;9499.944336;936.045227;5.967395;0.003478;0.801668;2.389557;0.537172;8.705304;_N_DEMO_UC_3_7_MPF;1;nan
2023-01-12T13:23:08.376Z;0.966988;0.006245;0.00679;0.0;0.9800229999999999;9500.118164;62.048508;76.967407;0.004576;1.002808;0.935112;0.851904;8.724957;_N_DEMO_UC_3_7_MPF;1;nan
2023-01-12T13:23:13.441Z;0.941849;0.006826;0.006547;2.4e-05;0.955246;9500.731445;70.555931;70.72142;0.00954;0.950894;0.906877;0.82709;8.661229;_N_DEMO_UC_3_7_MPF;1;nan
2023-01-12T13:23:18.521Z;0.802187;0.031323;0.424135;0.000114;1.2577589999999998;9502.275391;0.013683;0.084467;893.460571;0.81853;0.386029;0.630751;4.679883;_N_DEMO_UC_3_7_MPF;1;nan
2023-01-12T13:23:23.505Z;0.97532;0.0;0.011093;3.5e-05;0.986448;9499.673828;0.03811;99.997841;0.030029;0.886205;0.432276;0.983045;8.711058;_N_DEMO_UC_3_7_MPF;1;nan
2023-01-12T13:23:28.353Z;1.138295;0.011105;0.0;0.0;1.1494;9499.608398;99.549988;5.841456;0.021899;0.982885;1.041405;0.579699;8.751421;_N_DEMO_UC_3_7_MPF;1;nan
2023-01-12T13:23:33.433Z;1.03797;0.011056;3.9e-05;3.6e-05;1.0491009999999998;9499.588867;78.826065;62.98864;0.010503;1.078681;0.955009;0.833431;8.831972;_N_DEMO_UC_3_7_MPF;1;nan
2023-01-12T13:23:38.426Z;0.93861;1e-06;0.009927;0.0;0.9485380000000001;9499.18457;2.143455;99.975883;0.032889;1.047075;0.619993;0.975356;8.793771;_N_DEMO_UC_3_7_MPF;1;nan
2023-01-12T13:23:43.440Z;0.892728;0.010853;6.1e-05;0.0;0.903642;9500.544922;92.599113;31.349283;0.019308;1.041931;1.028344;0.701401;8.835465;_N_DEMO_UC_3_7_MPF;1;nan
2023-01-12T13:23:48.416Z;0.849895;0.007429;0.005276;0.0;0.8625999999999999;9501.753906;96.450882;32.780304;0.014694;1.052697;0.950228;0.782953;8.793205;_N_DEMO_UC_3_7_MPF;1;nan
2023-01-12T13:23:53.479Z;0.966953;1e-06;0.009971;0.0;0.9769249999999999;9500.978516;1.16948;99.989357;0.009575;0.94655;0.426358;0.970483;8.788389;_N_DEMO_UC_3_7_MPF;1;nan
2023-01-12T13:23:58.457Z;1.108249;0.0054;0.007879;9.5e-05;1.121623;9500.086914;89.762413;48.39983;0.005472;1.011524;0.964345;0.84579;8.58616;_N_DEMO_UC_3_7_MPF;1;nan
2023-01-12T13:24:03.484Z;1.117447;0.006538;0.007027;1.4e-05;1.1310259999999999;9499.644531;36.484879;93.614693;6.4e-05;0.863739;0.887947;0.99895;8.607714;_N_DEMO_UC_3_7_MPF;1;nan
2023-01-12T13:24:08.417Z;0.972135;0.010675;0.0;0.0;0.98281;9501.975586;100.102692;0.259072;0.004001;0.814976;1.053409;0.574279;8.639399;_N_DEMO_UC_3_7_MPF;1;nan
2023-01-12T13:24:13.535Z;0.864615;0.010279;0.003059;4.7e-05;0.8780000000000001;9500.868164;56.904137;82.618645;0.038885;0.973925;0.793738;1.028681;8.608377;_N_DEMO_UC_3_7_MPF;1;nan
2023-01-12T13:24:18.561Z;0.985004;0.004576;0.008297;0.0;0.997877;9500.198242;7.47112;99.29908;0.025286;0.835334;0.773587;0.956689;8.675759;_N_DEMO_UC_3_7_MPF;1;nan
2023-01-12T13:24:23.477Z;0.785326;0.010697;5.4e-05;0.0;0.7960769999999999;9499.131836;92.538383;37.461102;0.017429;0.862209;1.018676;0.702528;8.654394;_N_DEMO_UC_3_7_MPF;1;nan
2023-01-12T13:24:28.521Z;0.848143;0.009248;0.004151;5e-06;0.8615470000000001;9498.679688;92.439346;40.23288;0.014894;1.008334;0.980621;0.799133;8.64878;_N_DEMO_UC_3_7_MPF;1;nan
2023-01-12T13:24:33.444Z;0.798329;0.010447;0.002721;0.0;0.8114969999999999;9499.973633;62.345203;78.04892;0.007534;0.832224;1.003065;0.832649;8.652184;_N_DEMO_UC_3_7_MPF;1;nan
2023-01-12T13:24:38.494Z;0.967599;1e-06;0.009736;0.0;0.977336;9500.34082;0.024873;100.034821;0.012751;0.960351;0.415771;0.972013;8.749299;_N_DEMO_UC_3_7_MPF;1;nan
2023-01-12T13:24:43.643Z;1.127319;0.011027;0.002569;0.0;1.140915;9500.613281;99.451355;6.300255;0.000175;1.042705;1.056952;0.566655;8.70422;_N_DEMO_UC_3_7_MPF;1;nan
2023-01-12T13:24:48.578Z;1.025859;0.011164;5.4e-05;0.0;1.037077;9502.09375;80.11837;63.377338;0.032806;0.962928;0.924089;0.949843;8.700229;_N_DEMO_UC_3_7_MPF;1;nan
2023-01-12T13:24:53.502Z;1.064934;0.0;0.010017;0.0;1.074951;9500.286133;2.19426;99.910469;0.001643;0.924154;0.639431;0.981484;8.770343;_N_DEMO_UC_3_7_MPF;1;nan
2023-01-12T13:24:58.546Z;1.041389;0.01073;8e-05;0.0;1.0521989999999999;9498.765625;90.858719;39.536816;0.018509;0.899589;1.018686;0.731494;8.84282;_N_DEMO_UC_3_7_MPF;1;nan
2023-01-12T13:25:03.485Z;0.978646;0.007268;0.005071;0.0;0.9909850000000001;9499.185547;96.631058;24.876444;0.027393;0.882665;0.970127;0.888144;8.761203;_N_DEMO_UC_3_7_MPF;1;nan
2023-01-12T13:25:08.629Z;0.910515;1e-06;0.010043;4e-06;0.920563;9497.775391;5.523926;99.920631;0.010848;0.854668;0.41074;0.91788;8.778844;_N_DEMO_UC_3_7_MPF;1;nan
2023-01-12T13:25:13.498Z;1.015364;0.006375;0.006799;0.0;1.028538;9499.53125;92.624878;38.893791;0.01525;0.958113;0.976179;0.829358;8.687092;_N_DEMO_UC_3_7_MPF;1;nan
2023-01-12T13:25:18.507Z;0.781949;0.005703;0.007833;0.0;0.795485;9497.59668;24.564144;96.359085;0.065461;0.978534;0.82168;0.963919;8.79365;_N_DEMO_UC_3_7_MPF;1;nan
2023-01-12T13:25:23.572Z;0.936963;0.010838;4e-06;0.0;0.947805;9499.732422;99.786728;1.337171;0.021438;0.998264;1.054754;0.559554;8.788884;_N_DEMO_UC_3_7_MPF;1;nan
2023-01-12T13:25:28.556Z;0.955263;0.009901;0.003258;3.3e-05;0.968455;9500.136719;66.555733;76.64576;0.02155;1.196233;0.848573;0.977387;8.786267;_N_DEMO_UC_3_7_MPF;1;nan
2023-01-12T13:25:33.590Z;1.027004;0.003325;0.008865;5e-06;1.039199;9499.474609;4.028378;99.970383;0.016967;0.858408;0.903041;0.975358;8.791147;_N_DEMO_UC_3_7_MPF;1;nan
2023-01-12T13:25:38.664Z;0.824013;0.01071;0.000122;0.0;0.834845;9500.412109;90.478378;38.912971;0.026922;0.911759;1.006034;0.715445;8.843764;_N_DEMO_UC_3_7_MPF;1;nan
2023-01-12T13:25:43.676Z;0.828022;0.008783;0.004259;5.3e-05;0.841117;9502.041992;94.070381;32.930626;0.055079;0.804843;0.980896;0.786909;8.835981;_N_DEMO_UC_3_7_MPF;1;nan
2023-01-12T13:25:49.111Z;0.783789;0.002111;9.4e-05;0.237163;1.0231569999999999;9499.400391;65.570892;73.56749;0.016137;0.789679;1.075436;0.715576;8.819774;_N_DEMO_UC_3_7_MPF;1;nan
2023-01-12T13:25:53.711Z;0.932916;0.0;0.010057;0.0;0.942973;9499.921875;0.048953;100.015137;0.005037;1.144354;0.404425;0.928559;8.661037;_N_DEMO_UC_3_7_MPF;1;nan
2023-01-12T13:25:58.663Z;0.939111;0.010931;0.0;9e-06;0.9500510000000001;9501.541016;98.990715;14.810548;0.077634;1.006018;1.042328;0.712328;8.65555;_N_DEMO_UC_3_7_MPF;1;nan
2023-01-12T13:26:03.773Z;1.013634;0.011024;0.000112;1e-05;1.0247799999999998;9501.087891;80.457672;61.962227;0.044443;0.973202;0.945928;0.916123;8.770557;_N_DEMO_UC_3_7_MPF;1;nan
2023-01-12T13:26:08.717Z;1.016602;3e-06;0.010129;2e-05;1.026754;9500.49707;2.154647;99.966194;0.013588;0.848402;0.713425;0.976544;8.658284;_N_DEMO_UC_3_7_MPF;1;nan
2023-01-12T13:26:14.046Z;0.865714;0.010773;5e-06;0.0;0.876492;9499.987305;97.957535;21.98208;0.001304;0.935487;1.051261;0.66487;8.710361;_N_DEMO_UC_3_7_MPF;1;nan
2023-01-12T13:26:18.798Z;0.993878;0.007427;0.005509;0.0;1.006814;9500.40625;96.869583;24.597858;0.048131;0.905108;0.969837;0.76527;8.680314;_N_DEMO_UC_3_7_MPF;1;nan
2023-01-12T13:26:23.768Z;0.836282;0.0;0.009602;0.0;0.845884;9499.165039;9.40273;99.724983;0.015592;0.855336;0.426018;0.956832;8.720067;_N_DEMO_UC_3_7_MPF;1;nan
2023-01-12T13:26:28.710Z;0.986569;0.007404;0.006331;0.0;1.000304;9499.269531;95.826729;25.491226;0.22442;0.984016;1.019497;0.789513;8.717988;_N_DEMO_UC_3_7_MPF;1;nan
2023-01-12T13:26:33.757Z;0.836022;0.005538;0.008239;0.0;0.8497990000000001;9498.973633;20.100374;96.88195;0.026128;0.980428;0.824843;1.015795;8.777746;_N_DEMO_UC_3_7_MPF;1;nan
2023-01-12T13:26:38.662Z;0.915759;0.011291;2e-06;4.4e-05;0.927096;9498.710938;99.386742;7.279336;0.011139;0.864924;1.04839;0.607396;8.810009;_N_DEMO_UC_3_7_MPF;1;nan
2023-01-12T13:26:43.753Z;1.004478;0.001596;0.004066;0.0;1.0101399999999998;9501.980469;73.940994;69.273674;0.003459;1.080032;0.850974;0.930974;8.778467;_N_DEMO_UC_3_7_MPF;1;nan
2023-01-12T13:26:48.897Z;0.980256;0.003394;0.008915;1.5e-05;0.99258;9500.069336;0.000953;99.963516;0.002883;0.880542;0.866124;0.938872;8.820781;_N_DEMO_UC_3_7_MPF;1;nan
2023-01-12T13:26:53.847Z;0.908518;0.010819;0.000461;0.0;0.9197980000000001;9499.84668;86.713272;47.325298;0.005161;0.931997;1.020351;0.767093;8.843409;_N_DEMO_UC_3_7_MPF;1;nan
2023-01-12T13:26:58.838Z;1.044938;0.009227;0.003796;1.7e-05;1.0579779999999999;9500.803711;96.267525;27.134157;0.000359;0.991179;0.977121;0.751848;8.832394;_N_DEMO_UC_3_7_MPF;1;nan
2023-01-12T13:27:03.922Z;0.799139;0.009969;0.003317;9e-06;0.8124340000000001;9499.668945;53.003422;85.013405;0.023989;0.776778;0.962797;0.841546;8.829399;_N_DEMO_UC_3_7_MPF;1;nan
2023-01-12T13:27:08.800Z;0.993346;0.0;0.010215;2.4e-05;1.003585;9499.209961;0.019448;100.039093;0.020927;1.082662;0.414343;0.912731;8.761522;_N_DEMO_UC_3_7_MPF;1;nan
2023-01-12T13:27:13.808Z;1.006251;0.011163;2e-05;0.0;1.017434;9500.310547;95.014832;28.577583;0.001542;1.150451;1.051046;0.798608;8.768291;_N_DEMO_UC_3_7_MPF;1;nan
2023-01-12T13:27:18.798Z;1.048003;0.006394;0.006754;5.8e-05;1.0612089999999998;9499.536133;88.97821;45.554176;0.004302;1.186177;1.004683;0.918622;8.797825;_N_DEMO_UC_3_7_MPF;1;nan
2023-01-12T13:27:23.768Z;0.923481;5.5e-05;0.010305;1.9e-05;0.93386;9501.283203;2.149714;99.99147;0.006836;1.023831;0.729015;0.995412;8.799347;_N_DEMO_UC_3_7_MPF;1;nan
2023-01-12T13:27:28.784Z;1.032495;0.01061;0.001572;1.9e-05;1.0446959999999998;9499.955078;80.384804;59.283287;0.002836;0.970159;1.077856;0.772425;8.819884;_N_DEMO_UC_3_7_MPF;1;nan
2023-01-12T13:27:33.841Z;0.937851;0.009223;0.003695;2e-05;0.950789;9500.204102;99.948181;5.662055;0.017008;0.920505;1.017479;0.760108;8.813519;_N_DEMO_UC_3_7_MPF;1;nan
2023-01-12T13:27:38.937Z;0.861591;1e-06;0.009764;0.0;0.871356;9501.244141;23.839125;98.128395;0.002592;0.668761;0.636683;0.934572;8.830582;_N_DEMO_UC_3_7_MPF;1;nan
2023-01-12T13:27:43.921Z;0.869401;0.008752;0.004928;1.3e-05;0.883094;9500.290039;90.362778;5.335747;4.649158;0.75764;1.04134;0.74787;8.606494;_N_DEMO_UC_3_7_MPF;1;nan
2023-01-12T13:27:48.868Z;0.942613;0.004226;0.009922;0.0;0.956761;9499.328125;4.43617;99.852043;0.00763;0.916465;0.728042;0.985821;8.685284;_N_DEMO_UC_3_7_MPF;1;nan
2023-01-12T13:27:53.874Z;0.821606;0.011113;1e-05;2.9e-05;0.8327579999999999;9500.513672;96.613617;23.475395;0.001207;0.908297;1.074313;0.851847;8.736862;_N_DEMO_UC_3_7_MPF;1;nan
2023-01-12T13:27:58.866Z;0.920707;0.004263;0.009047;0.0;0.9340170000000001;9499.041992;85.055359;53.053215;0.029631;1.11558;0.950514;0.99135;8.697891;_N_DEMO_UC_3_7_MPF;1;nan
2023-01-12T13:28:03.866Z;0.984179;0.001094;0.010159;0.0;0.9954320000000001;9498.522461;0.012187;100.01796;0.002076;1.019311;0.459509;0.983896;8.734666;_N_DEMO_UC_3_7_MPF;1;nan
2023-01-12T13:28:08.834Z;0.825693;0.009995;0.002144;4.3e-05;0.837875;9499.650391;76.165337;64.7901;0.025682;0.840556;1.060401;0.677512;8.73684;_N_DEMO_UC_3_7_MPF;1;nan
2023-01-12T13:28:13.841Z;0.866933;0.009083;0.003418;0.0;0.8794339999999999;9501.262695;99.898888;9.075877;0.012522;0.994016;1.012763;0.789946;8.68175;_N_DEMO_UC_3_7_MPF;1;nan
2023-01-12T13:28:18.925Z;0.8664;0.007569;0.005917;0.0;0.879886;9500.294922;24.051825;95.774605;0.017413;0.722675;0.898482;0.915359;8.71599;_N_DEMO_UC_3_7_MPF;1;nan
2023-01-12T13:28:24.042Z;0.0;0.0;0.0;5e-06;5e-06;8126.517578;0.016257;0.047689;5.628779;4.019648;0.402778;0.510585;9.859973;_N_DEMO_UC_3_7_MPF;1;nan
2023-01-12T13:28:28.941Z;0.0;1e-06;0.0;4.8e-05;4.9e-05;5107.053711;0.014943;0.194041;0.014711;3.976446;0.394655;0.470909;9.821738;_N_DEMO_UC_3_7_MPF;1;nan
2023-01-12T13:28:33.975Z;0.060707;0.0;1.7e-05;0.0;0.060724;2120.349365;0.000408;0.272484;0.014261;0.939871;0.395291;0.490064;9.771996;_N_DEMO_UC_3_7_MPF;1;nan
2023-01-12T13:28:39.138Z;0.0;0.0;1.2e-05;0.0;1.2e-05;29.860584;0.003748;0.125779;0.001474;0.279146;0.398447;0.506694;9.770908;_N_DEMO_UC_3_7_MPF;1;nan
2023-01-12T13:28:44.926Z;0.0;0.0;2e-06;0.0;2e-06;0.003699;0.009324;0.075224;0.005885;0.001997;0.177664;0.453174;9.980775;_N_DEMO_UC_3_7_MPF;1;nan
2023-01-12T13:28:49.091Z;1.423941;0.0;8e-06;9e-06;1.4239579999999998;982.509155;0.010939;0.019255;0.006059;9.253786;0.421554;0.521904;9.799442;_N_DEMO_UC_3_7_MPF;1;nan
2023-01-12T13:28:53.915Z;0.666016;0.0;2e-06;0.0;0.666018;3499.384033;0.006216;0.048253;0.018981;1.386042;0.416433;0.491984;9.767427;_N_DEMO_UC_3_7_MPF;1;nan
2023-01-12T13:28:58.940Z;0.587861;0.0;2e-06;2.9e-05;0.5878919999999999;3501.235352;0.011462;0.063366;0.032494;1.981012;0.41562;0.521941;9.767515;_N_DEMO_UC_3_7_MPF;1;nan
2023-01-12T13:29:04.006Z;0.607931;0.0;0.0;0.0;0.607931;3499.462402;0.008565;0.031759;0.007688;1.843117;0.418639;0.501566;9.770657;_N_DEMO_UC_3_7_MPF;1;nan
2023-01-12T13:29:09.007Z;0.551747;0.0;0.0;2.2e-05;0.551769;3499.671387;0.002435;0.183051;0.018982;1.534331;0.416763;0.499513;9.779628;_N_DEMO_UC_3_7_MPF;1;nan
2023-01-12T13:29:13.920Z;0.610376;2e-06;0.0;0.0;0.610378;3500.338135;0.014785;0.270485;0.007205;1.672807;0.412434;0.511345;9.766898;_N_DEMO_UC_3_7_MPF;1;nan
2023-01-12T13:29:18.959Z;0.595587;0.0;0.0;1.9e-05;0.595606;3499.957031;0.011008;0.192187;0.01576;1.478265;0.416938;0.524892;9.771435;_N_DEMO_UC_3_7_MPF;1;nan
2023-01-12T13:29:23.927Z;0.564188;0.0;0.0;1e-05;0.564198;3500.162598;0.031788;0.366783;0.024344;1.716803;0.414295;0.504708;9.74334;_N_DEMO_UC_3_7_MPF;1;nan
2023-01-12T13:29:29.157Z;0.67259;0.0;1.2e-05;0.0;0.672602;3499.109619;0.002357;0.211664;0.048617;1.598589;0.415806;0.471589;9.747883;_N_DEMO_UC_3_7_MPF;1;nan
2023-01-12T13:29:33.981Z;0.532654;0.0;0.0;0.0;0.532654;3499.937744;0.014785;0.327775;0.025438;1.511389;0.413123;0.521818;9.775398;_N_DEMO_UC_3_7_MPF;1;nan
2023-01-12T13:29:39.184Z;0.685754;0.0;3e-06;2e-06;0.6857589999999999;3499.659668;0.006133;0.106641;0.014114;1.283966;0.413423;0.514716;9.745129;_N_DEMO_UC_3_7_MPF;1;nan
2023-01-12T13:29:43.953Z;0.569336;1e-06;4e-06;0.0;0.569341;3500.450684;0.015232;0.117831;0.014785;1.605233;0.414867;0.505429;9.753362;_N_DEMO_UC_3_7_MPF;1;nan
2023-01-12T13:29:49.001Z;0.59483;1e-06;2e-06;2.4e-05;0.594857;3499.249756;0.018365;0.200551;0.02886;1.485718;0.413895;0.522487;9.749449;_N_DEMO_UC_3_7_MPF;1;nan
2023-01-12T13:29:53.997Z;0.482596;0.002867;8.3e-05;0.0;0.48554600000000003;3499.607666;1.420517;0.457496;1424.17334;1.591391;0.371132;0.452149;13.475754;_N_DEMO_UC_3_7_MPF;1;nan
2023-01-12T13:29:59.014Z;0.612634;0.003258;0.002617;0.0;0.618509;3499.866699;42.906151;24.308733;0.004035;1.615582;0.817293;0.785143;8.592772;_N_DEMO_UC_3_7_MPF;1;nan
2023-01-12T13:30:04.070Z;0.574143;0.002226;0.003307;1.3e-05;0.5796889999999999;3500.414551;16.893805;47.081802;0.021029;1.83321;0.712213;0.791996;8.57845;_N_DEMO_UC_3_7_MPF;1;nan
2023-01-12T13:30:09.102Z;0.685657;0.002991;0.002807;1.3e-05;0.691468;3501.125;45.229782;22.690619;0.021972;1.733036;0.821082;0.754264;8.573337;_N_DEMO_UC_3_7_MPF;1;nan
2023-01-12T13:30:14.103Z;0.559701;0.000158;0.004245;0.0;0.564104;3498.616211;17.285885;47.009445;0.010953;1.574468;0.67922;0.820351;8.606085;_N_DEMO_UC_3_7_MPF;1;nan
2023-01-12T13:30:19.071Z;0.584818;0.00443;0.001034;0.0;0.590282;3499.684082;41.274879;26.858854;0.01842;1.858745;0.840843;0.776191;8.644723;_N_DEMO_UC_3_7_MPF;1;nan
2023-01-12T13:30:24.050Z;0.549425;0.000769;0.00414;6e-06;0.55434;3499.12207;22.461683;44.476963;0.036368;1.700273;0.669574;0.864472;8.785594;_N_DEMO_UC_3_7_MPF;1;nan
2023-01-12T13:30:29Z;0.590557;0.0;0.00452;0.0;0.595077;3500.510254;0.116982;50.027245;0.013102;1.818348;0.46883;0.811943;8.810286;_N_DEMO_UC_3_7_MPF;1;nan
2023-01-12T13:30:34.082Z;0.641931;0.000635;0.0;0.0;0.6425660000000001;3499.727539;2.745722;87.788475;32.919674;1.637382;1.506096;2.674124;9.640589;_N_DEMO_UC_3_7_MPF;1;nan
2023-01-12T13:30:39.328Z;0.671843;0.003171;0.00244;2.5e-05;0.677479;3499.066162;41.645805;24.843348;0.004757;1.861198;0.842981;0.77242;8.701812;_N_DEMO_UC_3_7_MPF;1;nan
2023-01-12T13:30:44.064Z;0.591323;0.001645;0.003753;0.0;0.5967210000000001;3500.601318;10.288393;48.780525;0.012077;1.308646;0.706708;0.837363;8.695036;_N_DEMO_UC_3_7_MPF;1;nan
2023-01-12T13:30:49.079Z;0.685375;0.0;0.000208;0.0;0.6855829999999999;3501.426758;1494.936523;200.297028;0.09631;1.578636;2.261263;1.174721;9.55418;_N_DEMO_UC_3_7_MPF;1;nan
2023-01-12T13:30:54.059Z;0.479138;0.000864;0.002846;2e-06;0.48285;3500.648682;18.457569;33.602142;0.022851;1.438938;0.69989;0.773592;8.638824;_N_DEMO_UC_3_7_MPF;1;nan
2023-01-12T13:30:59.191Z;0.52454;0.0;0.004364;0.0;0.528904;3498.980225;0.134268;50.035667;0.049446;1.613847;0.566772;0.776425;8.666994;_N_DEMO_UC_3_7_MPF;1;nan
2023-01-12T13:31:04.329Z;0.646597;0.003972;0.001785;0.0;0.652354;3500.253418;40.79084;28.9496;0.004902;1.673614;0.827357;0.758592;8.690215;_N_DEMO_UC_3_7_MPF;1;nan
2023-01-12T13:31:09.180Z;0.550032;0.003135;0.00292;0.0;0.556087;3500.126465;37.249912;34.861908;0.00918;1.825653;0.754478;0.774225;8.683715;_N_DEMO_UC_3_7_MPF;1;nan
2023-01-12T13:31:14.097Z;0.656985;0.004467;0.00074;0.0;0.662192;3500.278076;50.018917;0.080929;0.002162;1.676962;0.841924;0.19478;8.681189;_N_DEMO_UC_3_7_MPF;1;nan
2023-01-12T13:31:19.073Z;0.619115;0.004273;0.001167;1.4e-05;0.6245689999999999;3500.823975;49.965942;1.579392;0.032588;1.765977;0.864797;0.830238;8.684718;_N_DEMO_UC_3_7_MPF;1;nan
2023-01-12T13:31:24.073Z;0.647201;0.00049;0.004076;6e-06;0.6517729999999999;3499.241455;22.711622;44.594902;0.006986;1.795995;0.696988;0.831246;8.683711;_N_DEMO_UC_3_7_MPF;1;nan
2023-01-12T13:31:29.114Z;0.667869;0.000579;0.004069;7e-06;0.672524;3499.353516;0.021011;49.990494;0.012697;1.650069;0.456537;0.80308;8.702579;_N_DEMO_UC_3_7_MPF;1;nan
2023-01-12T13:31:34.148Z;0.621522;0.004475;9e-06;0.0;0.6260060000000001;3499.641602;48.945396;9.498872;0.008949;1.927487;0.880201;0.652103;8.717069;_N_DEMO_UC_3_7_MPF;1;nan
2023-01-12T13:31:39.082Z;0.670721;0.004252;3.4e-05;0.0;0.675007;3499.266357;48.848415;8.83792;0.002588;1.590626;0.835843;0.616282;8.705952;_N_DEMO_UC_3_7_MPF;1;nan
2023-01-12T13:31:44.090Z;0.623512;0.002793;0.002926;0.0;0.629231;3500.913086;38.489624;31.052521;0.030098;1.838331;0.76233;0.732403;8.686344;_N_DEMO_UC_3_7_MPF;1;nan
2023-01-12T13:31:49.121Z;0.630282;0.003461;0.002236;1.4e-05;0.635993;3500.4729;44.72578;22.402689;0.000989;1.577012;0.808142;0.720909;8.691242;_N_DEMO_UC_3_7_MPF;1;nan
2023-01-12T13:31:54.142Z;0.577612;2e-06;0.004231;7e-06;0.5818519999999999;3501.114258;0.100116;49.99596;0.020151;1.664663;0.447563;0.772246;8.721993;_N_DEMO_UC_3_7_MPF;1;nan
2023-01-12T13:31:59.283Z;0.607821;0.003275;0.000309;1.4e-05;0.6114189999999999;3501.424561;36.452625;12.234733;0.007731;1.546163;0.807324;0.744711;8.713884;_N_DEMO_UC_3_7_MPF;1;nan
2023-01-12T13:32:04.291Z;0.533992;0.000513;0.001404;0.0;0.535909;3499.084229;15.355208;12.955981;0.648593;1.588729;0.655546;0.704462;8.130282;_N_DEMO_UC_3_7_MPF;1;nan
2023-01-12T13:32:09.283Z;0.606597;0.00029;0.001507;0.0;0.6083940000000001;3500.243896;12.891393;15.637316;0.656282;1.473418;0.669578;0.727262;8.144151;_N_DEMO_UC_3_7_MPF;1;nan
2023-01-12T13:32:14.206Z;0.539352;0.000107;0.001475;0.0;0.540934;3500.091309;9.816231;17.633947;0.663803;1.654172;0.634148;0.699275;8.223169;_N_DEMO_UC_3_7_MPF;1;nan
2023-01-12T13:32:19.214Z;0.663197;0.000111;0.001427;0.0;0.664735;3500.930664;6.411789;19.194954;0.612355;1.640927;0.624403;0.724042;8.084773;_N_DEMO_UC_3_7_MPF;1;nan
2023-01-12T13:32:24.166Z;0.63359;0.000387;0.001384;0.0;0.6353610000000001;3499.611084;2.410101;19.83881;0.490189;1.878283;0.25897;0.685975;7.970836;_N_DEMO_UC_3_7_MPF;1;nan
2023-01-12T13:32:29.221Z;0.72922;0.000648;0.001293;0.0;0.731161;3499.533447;1.521637;19.659424;0.473651;1.911157;0.669115;0.663966;8.046041;_N_DEMO_UC_3_7_MPF;1;nan
2023-01-12T13:32:34.244Z;0.59678;0.00092;0.001131;0.0;0.598831;3498.971191;5.527035;19.084579;0.496022;1.825429;0.648854;0.660826;8.087228;_N_DEMO_UC_3_7_MPF;1;nan
2023-01-12T13:32:39.213Z;0.660071;0.001117;0.000931;0.0;0.662119;3499.336426;8.893216;17.676258;0.496495;1.940912;0.645128;0.673934;8.045284;_N_DEMO_UC_3_7_MPF;1;nan
2023-01-12T13:32:44.211Z;0.530228;0.001228;0.000665;4e-06;0.5321250000000001;3500.131592;12.111889;15.457342;0.003581;1.403819;0.640172;0.669495;8.429276;_N_DEMO_UC_3_7_MPF;1;nan
2023-01-12T13:32:49.275Z;0.629293;0.001366;0.000356;0.0;0.631015;3499.269043;15.448394;12.623166;0.004119;1.793344;0.680488;0.711784;8.449021;_N_DEMO_UC_3_7_MPF;1;nan
2023-01-12T13:32:54.677Z;0.591578;0.0;0.001459;0.0;0.593037;3499.64917;0.048902;19.993059;0.0068;1.441833;0.312144;0.712028;8.481773;_N_DEMO_UC_3_7_MPF;1;nan
2023-01-12T13:32:59.288Z;0.690828;0.001494;0.0;0.0;0.692322;3499.010986;14.696018;0.714169;0.035643;1.884419;0.710234;0.361503;8.47939;_N_DEMO_UC_3_7_MPF;1;nan
2023-01-12T13:33:04.334Z;0.681223;0.0;0.001439;0.0;0.682662;3500.234375;0.049638;20.007332;0.049314;1.629954;0.318136;0.722421;8.52041;_N_DEMO_UC_3_7_MPF;1;nan
2023-01-12T13:33:09.310Z;0.621931;0.001498;0.0;0.0;0.623429;3499.546387;19.914762;0.015434;0.000692;1.828505;0.693143;0.345835;8.518797;_N_DEMO_UC_3_7_MPF;1;nan
2023-01-12T13:33:14.285Z;0.705411;0.0;0.001538;0.0;0.706949;3499.651855;0.013319;19.992018;0.008556;1.399565;0.322743;0.75156;8.495403;_N_DEMO_UC_3_7_MPF;1;nan
2023-01-12T13:33:19.297Z;0.632852;1e-06;0.001492;1.6e-05;0.6343610000000001;3499.084717;0.017366;20.004375;0.01704;1.712343;0.331241;0.756086;8.522596;_N_DEMO_UC_3_7_MPF;1;nan
2023-01-12T13:33:24.263Z;0.650913;0.001491;0.0;2.4e-05;0.652428;3500.095947;20.220951;0.032766;0.000961;1.787957;0.711567;0.579976;8.50134;_N_DEMO_UC_3_7_MPF;1;nan
2023-01-12T13:33:29.247Z;0.567078;0.0;0.001427;4e-06;0.5685089999999999;3500.634766;0.0488;20.088165;0.010679;1.8666;0.496633;0.72778;8.510371;_N_DEMO_UC_3_7_MPF;1;nan
2023-01-12T13:33:34.273Z;0.617853;0.0;0.001457;0.0;0.61931;3499.48999;0.066004;20.01589;0.022735;1.971266;0.499925;0.764151;8.522819;_N_DEMO_UC_3_7_MPF;1;nan
2023-01-12T13:33:39.271Z;0.690908;0.001516;0.0;0.0;0.6924239999999999;3499.745117;20.12401;0.015561;0.019208;1.601698;0.68777;0.627244;8.536764;_N_DEMO_UC_3_7_MPF;1;nan
2023-01-12T13:33:44.264Z;0.52202;0.001046;0.001063;6e-06;0.524135;3498.989746;18.065359;8.746304;0.001176;1.895549;0.737947;0.639239;8.508175;_N_DEMO_UC_3_7_MPF;1;nan
2023-01-12T13:33:49.288Z;0.662834;6e-06;0.001553;0.0;0.664393;3500.632813;0.17182;19.994816;0.043992;1.705567;0.435307;0.702324;8.503394;_N_DEMO_UC_3_7_MPF;1;nan
2023-01-12T13:33:54.407Z;0.610378;0.000738;0.001225;2.3e-05;0.612364;3498.717773;3.303067;19.640078;0.010919;1.740181;0.905955;0.722459;8.489716;_N_DEMO_UC_3_7_MPF;1;nan
2023-01-12T13:33:59.336Z;0.630047;0.000146;0.001202;0.00313;0.634525;3499.77124;18.872257;6.984552;0.027107;1.485339;0.658476;0.771396;8.515029;_N_DEMO_UC_3_7_MPF;1;nan
2023-01-12T13:34:04.440Z;0.687153;0.00132;0.000609;0.0;0.689082;3500.932373;11.232683;15.890551;0.430485;1.743872;0.67538;0.660668;8.075536;_N_DEMO_UC_3_7_MPF;1;nan
2023-01-12T13:34:09.315Z;0.602176;0.001368;0.000472;0.0;0.6040160000000001;3499.739014;13.864248;13.909707;0.477491;1.560677;0.68376;0.690331;8.009592;_N_DEMO_UC_3_7_MPF;1;nan
2023-01-12T13:34:14.355Z;0.778741;0.001401;0.000234;0.0;0.780376;3500.476563;16.933372;10.08312;0.4921;1.916722;0.681145;0.652384;8.076948;_N_DEMO_UC_3_7_MPF;1;nan
2023-01-12T13:34:19.307Z;0.657662;0.00145;5.4e-05;0.0;0.6591659999999999;3500.203125;18.509451;7.49862;0.470841;1.797078;0.672646;0.829321;7.974741;_N_DEMO_UC_3_7_MPF;1;nan
2023-01-12T13:34:24.697Z;0.49739;0.001273;0.000672;8e-06;0.49934300000000004;3501.567871;19.508505;3.825458;0.035263;1.816293;0.677959;0.428288;8.346047;_N_DEMO_UC_3_7_MPF;1;nan
2023-01-12T13:34:29.297Z;0.60301;0.0;0.001488;0.0;0.6044980000000001;3499.604492;10.636532;7.711301;0.016388;1.560629;0.320757;0.665011;8.376885;_N_DEMO_UC_3_7_MPF;1;nan
2023-01-12T13:34:34.448Z;0.523375;0.0;0.001519;0.0;0.5248940000000001;3500.234863;0.002164;19.953285;0.0074;1.904886;0.316545;0.697623;8.394001;_N_DEMO_UC_3_7_MPF;1;nan
2023-01-12T13:34:39.409Z;0.775564;0.001477;0.0;2e-05;0.777061;3500.531738;20.095478;0.002653;0.045521;1.767627;0.696718;0.378057;8.386959;_N_DEMO_UC_3_7_MPF;1;nan
2023-01-12T13:34:44.377Z;0.601462;0.0;0.001431;1.6e-05;0.602909;3499.352295;0.001278;19.952618;0.017978;1.880767;0.324767;0.682705;8.407334;_N_DEMO_UC_3_7_MPF;1;nan
2023-01-12T13:34:49.394Z;0.679378;0.00147;0.0;0.0;0.680848;3499.625732;19.907476;0.052777;0.047921;1.841409;0.659871;0.355297;8.434977;_N_DEMO_UC_3_7_MPF;1;nan
2023-01-12T13:34:54.314Z;0.603887;1e-06;0.00152;0.0;0.605408;3499.505615;0.052547;19.965084;0.024559;1.492356;0.290645;0.725041;8.414455;_N_DEMO_UC_3_7_MPF;1;nan
2023-01-12T13:34:59.361Z;0.646967;0.000586;0.001377;5e-06;0.6489349999999999;3499.867188;2.711883;19.709166;0.009441;1.881812;0.849961;0.706999;8.43501;_N_DEMO_UC_3_7_MPF;1;nan
2023-01-12T13:35:04.401Z;0.597432;0.001386;0.000376;0.0;0.599194;3498.476074;19.887068;0.019094;0.011398;1.559826;0.726045;0.102309;8.440594;_N_DEMO_UC_3_7_MPF;1;nan
2023-01-12T13:35:09.571Z;0.590605;1e-06;0.001539;0.0;0.592145;3499.935059;0.044208;20.02446;0.023637;1.849475;0.499451;0.711349;8.43578;_N_DEMO_UC_3_7_MPF;1;nan
2023-01-12T13:35:14.362Z;0.697322;6e-06;0.001428;6e-06;0.6987619999999999;3499.55957;0.140791;19.950115;0.048899;1.651835;0.499276;0.655594;8.417924;_N_DEMO_UC_3_7_MPF;1;nan
2023-01-12T13:35:19.339Z;0.7574;0.001491;0.0;2e-06;0.7588929999999999;3500.424316;19.977051;0.034599;0.022657;1.780951;0.683759;0.620797;8.427556;_N_DEMO_UC_3_7_MPF;1;nan
2023-01-12T13:35:24.363Z;0.713534;0.000244;0.001396;0.0;0.715174;3500.836426;9.945355;17.364531;0.02797;1.636363;0.646572;0.698385;8.433968;_N_DEMO_UC_3_7_MPF;1;nan
2023-01-12T13:35:29.427Z;0.662208;0.0;0.00144;0.0;0.663648;3498.570801;0.236105;19.9925;0.040273;2.02328;0.478124;0.688951;8.413562;_N_DEMO_UC_3_7_MPF;1;nan
2023-01-12T13:35:34.420Z;0.61415;0.001346;0.000589;0.0;0.6160849999999999;3500.7146;14.083116;13.44526;0.022662;1.601699;0.680718;0.724268;8.426206;_N_DEMO_UC_3_7_MPF;1;nan
2023-01-12T13:35:39.620Z;0.584316;0.001296;0.000161;0.0;0.5857729999999999;3500.308105;7.9016;178.545639;3.46773;1.90987;0.325479;0.438473;8.235574;_N_DEMO_UC_3_7_MPF;1;nan
2023-01-12T13:35:44.820Z;0.691935;0.001296;0.000627;0.0;0.693858;3499.943604;19.231993;5.372461;0.47087;1.802254;0.700596;0.053597;8.101922;_N_DEMO_UC_3_7_MPF;1;nan
2023-01-12T13:35:49.472Z;0.669672;0.001396;0.000586;0.0;0.671654;3500.391602;19.82206;1.527715;0.513125;1.808912;0.67711;0.274177;8.018292;_N_DEMO_UC_3_7_MPF;1;nan
2023-01-12T13:35:54.535Z;0.725365;0.001192;0.000843;0.0;0.7274;3500.250732;19.877508;2.256067;0.506453;1.889874;0.693735;0.69232;7.91463;_N_DEMO_UC_3_7_MPF;1;nan
2023-01-12T13:35:59.460Z;0.497181;0.001055;0.001038;0.0;0.49927399999999994;3501.40918;19.215351;6.128579;0.030789;1.486022;0.68217;0.704048;8.358074;_N_DEMO_UC_3_7_MPF;1;nan
2023-01-12T13:36:04.525Z;0.539121;0.000762;0.001218;0.0;0.541101;3499.634277;17.673149;9.972637;0.001851;1.78906;0.656135;0.702379;8.432151;_N_DEMO_UC_3_7_MPF;1;nan
2023-01-12T13:36:09.469Z;0.543095;0.0;0.001396;0.0;0.544491;3499.65332;0.000857;20.010027;0.001661;1.423943;0.31307;0.699912;8.456488;_N_DEMO_UC_3_7_MPF;1;nan
2023-01-12T13:36:14.452Z;0.543733;0.0;0.00152;0.0;0.545253;3498.738525;0.00179;19.99131;0.018328;1.578364;0.301417;0.694467;8.472772;_N_DEMO_UC_3_7_MPF;1;nan
2023-01-12T13:36:19.464Z;0.549115;1e-06;0.001388;0.0;0.550504;3499.264648;0.262918;19.881065;0.030198;1.649169;0.317569;0.67467;8.499822;_N_DEMO_UC_3_7_MPF;1;nan
2023-01-12T13:36:24.454Z;0.629758;0.0;0.001566;0.0;0.631324;3499.668213;0.004924;19.997032;0.005148;1.658868;0.334875;0.691669;8.497869;_N_DEMO_UC_3_7_MPF;1;nan
2023-01-12T13:36:29.454Z;0.615787;0.001543;0.0;1.4e-05;0.6173439999999999;3500.51001;19.886379;0.01117;0.035821;1.662104;0.700825;0.376409;8.47061;_N_DEMO_UC_3_7_MPF;1;nan
2023-01-12T13:36:34.549Z;0.745743;0.0;0.001429;1.2e-05;0.7471840000000001;3500.636719;0.074773;19.992756;0.034037;2.011217;0.302905;0.665081;8.491796;_N_DEMO_UC_3_7_MPF;1;nan
2023-01-12T13:36:39.590Z;0.689043;0.001369;0.000575;0.0;0.6909869999999999;3499.78125;13.645384;15.01153;0.029895;1.867278;0.673212;0.719813;8.509505;_N_DEMO_UC_3_7_MPF;1;nan
2023-01-12T13:36:44.557Z;0.675198;0.000901;0.001182;0.0;0.677281;3500.557617;17.747417;9.682305;0.025984;2.022915;0.729207;0.692386;8.499184;_N_DEMO_UC_3_7_MPF;1;nan
2023-01-12T13:36:49.462Z;0.623403;0.0;0.001526;0.0;0.6249290000000001;3500.073486;0.105216;19.972017;0.001985;1.836094;0.4781;0.737994;8.495392;_N_DEMO_UC_3_7_MPF;1;nan
2023-01-12T13:36:54.527Z;0.690458;0.000693;0.001364;1.4e-05;0.6925290000000001;3501.648193;4.13608;19.380709;0.010619;2.057541;0.651471;0.715053;8.499318;_N_DEMO_UC_3_7_MPF;1;nan
2023-01-12T13:36:59.528Z;0.727218;0.001506;0.0;1.6e-05;0.72874;3501.111328;19.920334;0.009593;0.05391;2.059191;0.693683;0.629486;8.5182;_N_DEMO_UC_3_7_MPF;1;nan
2023-01-12T13:37:04.519Z;0.61631;9e-06;0.001471;1.4e-05;0.617804;3500.579102;0.156421;20.009874;0.027681;1.647068;0.443495;0.774209;8.506058;_N_DEMO_UC_3_7_MPF;1;nan
2023-01-12T13:37:09.490Z;0.647156;0.0;0.00152;0.0;0.6486759999999999;3500.166504;0.230621;20.030901;0.000758;1.625134;0.443677;0.705799;8.510039;_N_DEMO_UC_3_7_MPF;1;nan
2023-01-12T13:37:14.639Z;0.50351;0.001548;0.0;2e-06;0.50506;3500.158203;19.742435;2.621668;0.011425;1.544845;0.719102;0.738876;8.505996;_N_DEMO_UC_3_7_MPF;1;nan
2023-01-12T13:37:19.558Z;0.649683;0.001125;0.000975;0.0;0.651783;3500.954102;19.156479;5.236784;0.496741;1.733633;0.683086;0.711925;8.321362;_N_DEMO_UC_3_7_MPF;1;nan
2023-01-12T13:37:24.520Z;0.65269;0.000899;0.001098;0.0;0.654687;3498.373047;18.308981;9.085092;0.449406;1.523545;0.693742;0.700947;7.907794;_N_DEMO_UC_3_7_MPF;1;nan
2023-01-12T13:37:29.529Z;0.661346;0.000656;0.001224;0.0;0.663226;3499.347168;15.628037;12.111341;0.473792;1.859354;0.677531;0.731434;8.00192;_N_DEMO_UC_3_7_MPF;1;nan
2023-01-12T13:37:34.545Z;0.576855;0.000383;0.001413;0.0;0.578651;3499.820557;13.689998;15.097056;0.474084;1.520273;0.636188;0.689945;8.091845;_N_DEMO_UC_3_7_MPF;1;nan
2023-01-12T13:37:39.543Z;0.68786;0.000193;0.001397;3.1e-05;0.689481;3499.785889;10.2213;17.045349;0.013631;1.867409;0.616477;0.718078;8.435692;_N_DEMO_UC_3_7_MPF;1;nan
2023-01-12T13:37:44.887Z;0.541274;0.000377;0.001299;0.0;0.54295;3499.396484;7.21739;18.932257;0.01384;1.601552;0.568091;0.694911;8.45664;_N_DEMO_UC_3_7_MPF;1;nan
2023-01-12T13:37:49.681Z;0.533375;0.0;0.001415;7e-06;0.5347970000000001;3500.731934;0.003382;19.977329;0.025936;1.833309;0.315801;0.680581;8.490222;_N_DEMO_UC_3_7_MPF;1;nan
2023-01-12T13:37:54.679Z;0.759555;0.0;0.001631;0.0;0.761186;3499.406982;0.004712;19.831562;0.01607;1.570001;0.285569;0.735536;8.491367;_N_DEMO_UC_3_7_MPF;1;nan
2023-01-12T13:37:59.545Z;0.623365;0.0;0.00141;2e-05;0.624795;3500.778809;0.009328;20.061131;0.007302;1.870124;0.299575;0.682787;8.496249;_N_DEMO_UC_3_7_MPF;1;nan
2023-01-12T13:38:04.704Z;0.769494;0.0;0.001551;0.0;0.771045;3499.265137;0.003465;19.987085;0.018366;2.078446;0.319827;0.701679;8.512257;_N_DEMO_UC_3_7_MPF;1;nan
2023-01-12T13:38:09.594Z;0.577203;3e-06;0.001463;6e-06;0.5786749999999999;3499.743652;19.963644;0.012582;0.017574;1.786219;0.325553;0.576059;8.541079;_N_DEMO_UC_3_7_MPF;1;nan
2023-01-12T13:38:14.898Z;0.58204;1e-06;0.001439;0.0;0.58348;3500.255859;0.023557;19.958399;0.000772;1.726552;0.303844;0.685475;8.520098;_N_DEMO_UC_3_7_MPF;1;nan
2023-01-12T13:38:19.618Z;0.512003;0.001479;0.0;0.0;0.513482;3499.748779;19.511032;3.647099;0.014751;1.577434;0.701858;0.824149;8.537992;_N_DEMO_UC_3_7_MPF;1;nan
2023-01-12T13:38:24.597Z;0.663133;0.000153;0.001479;0.0;0.6647649999999999;3499.359863;8.996034;17.988642;0.002533;1.681642;0.645183;0.700016;8.552541;_N_DEMO_UC_3_7_MPF;1;nan
2023-01-12T13:38:29.594Z;0.504144;0.0;0.001469;0.0;0.5056130000000001;3499.836426;0.061754;19.973263;0.043866;1.538595;0.493355;0.710077;8.513671;_N_DEMO_UC_3_7_MPF;1;nan
2023-01-12T13:38:34.620Z;0.592703;0.001317;0.000588;0.0;0.594608;3499.8479;14.519123;12.999986;0.01282;1.719253;0.68172;0.790778;8.553802;_N_DEMO_UC_3_7_MPF;1;nan
2023-01-12T13:38:39.683Z;0.680727;0.001494;0.0;4e-06;0.682225;3499.669434;20.307037;0.012648;0.010275;1.524376;0.714121;0.639675;8.526361;_N_DEMO_UC_3_7_MPF;1;nan
2023-01-12T13:38:44.731Z;0.598389;0.0;0.001467;0.0;0.599856;3500.158203;0.092182;20.065109;0.018324;1.907633;0.462027;0.698032;8.553202;_N_DEMO_UC_3_7_MPF;1;nan
2023-01-12T13:38:49.747Z;0.612372;0.0;0.001581;0.0;0.6139530000000001;3499.269775;0.27209;19.99004;0.028414;1.53551;0.483723;0.713424;8.545499;_N_DEMO_UC_3_7_MPF;1;nan
2023-01-12T13:38:54.662Z;0.492094;0.001477;1e-06;0.0;0.49357199999999996;3500.190674;20.032091;0.051777;0.007255;1.859359;0.708514;0.59489;8.554051;_N_DEMO_UC_3_7_MPF;1;nan
2023-01-12T13:38:59.719Z;0.0;0.0;0.0;1.1461;1.1461;2604.825195;0.002454;0.002179;1500.014038;2.225708;0.41431;0.396018;11.67048;_N_DEMO_UC_3_7_MPF;1;nan
2023-01-12T13:39:04.686Z;0.003934;1e-06;0.0;2e-06;0.003937;29.938812;0.011242;3e-06;0.002572;0.966079;0.414109;0.372316;9.887621;_N_DEMO_UC_3_7_MPF;1;nan
2023-01-12T13:39:09.604Z;0.0;0.0;0.0;0.0;0.0;0.013419;0.013806;0.004468;0.005614;0.006252;0.031365;0.011508;9.357043;_N_DEMO_UC_3_7_MPF;1;nan
2023-01-12T13:39:14.734Z;0.622288;0.0;0.0;1.4e-05;0.6223019999999999;628.843811;0.02621;0.003565;0.001173;6.279984;0.447117;0.419927;9.871671;_N_DEMO_UC_3_7_MPF;1;nan
2023-01-12T13:39:19.726Z;2.727058;1e-06;0.0;2.5e-05;2.727084;3606.672119;0.006166;0.008612;0.034858;6.736053;0.434717;0.407432;9.846519;_N_DEMO_UC_3_7_MPF;1;nan
2023-01-12T13:39:24.671Z;0.551911;0.0;0.0;2e-05;0.5519310000000001;5999.558105;0.000468;0.005017;0.022324;0.92422;0.434426;0.403519;9.840588;_N_DEMO_UC_3_7_MPF;1;nan
2023-01-12T13:39:29.844Z;0.644926;0.0;0.0;0.0;0.644926;6000.976074;0.010634;0.000996;0.003649;0.98829;0.433934;0.398376;9.833672;_N_DEMO_UC_3_7_MPF;1;nan
2023-01-12T13:39:34.760Z;0.560995;0.0;0.0;1.3e-05;0.5610080000000001;6000.26123;0.011481;0.000663;0.024679;0.878291;0.432158;0.39706;9.826545;_N_DEMO_UC_3_7_MPF;1;nan
2023-01-12T13:39:39.701Z;0.607259;0.0;0.0;2e-06;0.6072609999999999;6001.324707;0.005289;0.011391;0.011204;0.888845;0.43359;0.395888;9.829494;_N_DEMO_UC_3_7_MPF;1;nan
2023-01-12T13:39:44.709Z;0.613615;0.0;0.0;0.0;0.613615;6001.153809;0.000498;0.006847;0.005066;0.834011;0.42801;0.392025;9.836247;_N_DEMO_UC_3_7_MPF;1;nan
2023-01-12T13:39:49.737Z;0.586983;0.0;0.0;0.0;0.586983;5998.838379;0.029465;0.002422;0.008354;0.958869;0.429057;0.393914;9.82091;_N_DEMO_UC_3_7_MPF;1;nan
2023-01-12T13:39:54.858Z;0.583644;0.0;0.0;7e-06;0.583651;5999.268555;0.01723;0.003842;0.001701;0.933917;0.423591;0.390069;9.818929;_N_DEMO_UC_3_7_MPF;1;nan
2023-01-12T13:39:59.829Z;0.619778;0.0;0.0;0.0;0.619778;5999.839844;0.018796;0.003441;0.014646;0.923288;0.428338;0.38985;9.822142;_N_DEMO_UC_3_7_MPF;1;nan
2023-01-12T13:40:04.785Z;0.616469;0.0;0.0;1e-05;0.616479;5999.488281;0.003937;0.000171;0.0059;0.93028;0.42683;0.388421;9.824004;_N_DEMO_UC_3_7_MPF;1;nan
2023-01-12T13:40:09.945Z;0.538434;1e-06;0.0;0.0;0.538435;5999.083008;0.012959;0.014817;0.028096;0.879196;0.425314;0.389252;9.817972;_N_DEMO_UC_3_7_MPF;1;nan
2023-01-12T13:40:14.977Z;0.519941;0.0;0.0;0.0;0.519941;5999.054688;0.024926;0.003388;3.2e-05;0.855812;0.424408;0.387544;9.813665;_N_DEMO_UC_3_7_MPF;1;nan
2023-01-12T13:40:20.249Z;0.644815;1e-06;1e-06;0.0;0.6448170000000001;6001.327148;0.03757;0.069185;1499.993408;0.928342;0.410787;0.395176;6.582948;_N_DEMO_UC_3_7_MPF;1;nan
2023-01-12T13:40:24.937Z;0.542644;0.0;0.001189;0.0;0.543833;6000.029297;0.002741;16.744055;2.884403;0.913735;0.311505;0.658647;8.023046;_N_DEMO_UC_3_7_MPF;1;nan
2023-01-12T13:40:30.041Z;0.734685;3e-06;0.001336;0.0;0.736024;5999.958008;0.010157;16.885201;2.853982;1.037484;0.198969;0.695039;7.971313;_N_DEMO_UC_3_7_MPF;1;nan
2023-01-12T13:40:34.970Z;0.621902;0.000269;0.000443;3.3e-05;0.6226469999999998;6000.043457;2.793433;6.6157;0.006335;0.991943;0.59509;0.742787;8.651167;_N_DEMO_UC_3_7_MPF;1;nan
2023-01-12T13:40:40.049Z;0.609842;0.000221;0.000498;5e-06;0.610566;5999.520508;4.694338;5.479133;0.038825;0.968605;0.686957;0.730432;8.672934;_N_DEMO_UC_3_7_MPF;1;nan
2023-01-12T13:40:44.971Z;0.618649;0.0;0.001294;0.0;0.619943;5999.727539;0.020703;16.869738;0.002858;1.078042;0.593999;0.779777;8.701932;_N_DEMO_UC_3_7_MPF;1;nan
2023-01-12T13:40:50.072Z;0.629207;3e-06;0.001253;0.0;0.6304629999999999;5999.022461;0.012333;17.028278;0.020946;0.979674;0.598407;0.659504;8.7154;_N_DEMO_UC_3_7_MPF;1;nan
2023-01-12T13:40:55.010Z;0.625333;0.000426;0.00021;0.0;0.6259690000000001;6000.150879;7.25052;0.671769;0.004095;1.077589;0.614603;0.534619;8.709061;_N_DEMO_UC_3_7_MPF;1;nan
2023-01-12T13:41:00.106Z;0.612585;0.0;0.001182;0.0;0.6137670000000001;5999.749512;0.122805;16.933481;0.013698;1.01935;0.57185;0.707006;8.696079;_N_DEMO_UC_3_7_MPF;1;nan
2023-01-12T13:41:05.099Z;0.634149;0.0;0.001285;9e-06;0.635443;6000.97168;0.032343;16.998508;0.011602;1.011547;0.542125;0.729369;8.702828;_N_DEMO_UC_3_7_MPF;1;nan
2023-01-12T13:41:10.059Z;0.602101;0.0004;0.000162;0.0;0.602663;6001.403809;5.233773;3.664728;0.004531;0.90535;0.602571;0.792297;8.71541;_N_DEMO_UC_3_7_MPF;1;nan
2023-01-12T13:41:15.049Z;0.634831;1e-06;0.001292;0.0;0.636124;6001.293457;0.017547;16.864973;0.975158;0.971583;0.333554;0.673103;7.963485;_N_DEMO_UC_3_7_MPF;1;nan
2023-01-12T13:41:20.041Z;0.648851;0.0;0.001288;0.0;0.6501389999999999;5999.300781;0.049847;16.802992;0.976043;1.039101;0.339655;0.776736;7.926187;_N_DEMO_UC_3_7_MPF;1;nan
2023-01-12T13:41:25.033Z;0.586756;0.000317;0.000408;0.0;0.587481;5999.392578;3.711064;6.166588;0.047708;0.924369;0.542034;0.731657;8.450739;_N_DEMO_UC_3_7_MPF;1;nan
2023-01-12T13:41:30.084Z;0.622331;0.000156;0.000548;0.0;0.623035;5998.942871;3.93187;6.199919;0.003994;0.924442;0.607613;0.716132;8.456595;_N_DEMO_UC_3_7_MPF;1;nan
2023-01-12T13:41:35.017Z;0.602884;0.0;0.001259;0.0;0.604143;5998.880859;0.093221;17.055107;0.007888;1.020136;0.535614;0.73538;8.462781;_N_DEMO_UC_3_7_MPF;1;nan
2023-01-12T13:41:40.033Z;0.660852;0.0;0.000623;1.8e-05;0.661493;5999.42334;0.007207;17.019974;0.046526;1.068949;0.536644;0.708081;8.48871;_N_DEMO_UC_3_7_MPF;1;nan
2023-01-12T13:41:45.116Z;0.636351;0.000404;0.000323;2.2e-05;0.6370999999999999;5998.194336;7.145782;1.650357;0.012066;1.018322;0.664687;0.698909;8.485715;_N_DEMO_UC_3_7_MPF;1;nan
2023-01-12T13:41:50.302Z;0.647605;0.0;0.001212;0.0;0.648817;6000.414063;0.020084;16.967409;0.032191;1.011825;0.593895;0.727827;8.487694;_N_DEMO_UC_3_7_MPF;1;nan
2023-01-12T13:41:55.221Z;0.635634;1e-06;0.001323;1e-06;0.636959;6000.440918;0.00596;16.992319;0.021931;0.877118;0.566215;0.772326;8.495636;_N_DEMO_UC_3_7_MPF;1;nan
2023-01-12T13:42:00.277Z;0.53697;0.000378;6.7e-05;3.5e-05;0.53745;6000.246094;5.76003;2.361753;0.015326;0.878068;0.593532;0.870508;8.498205;_N_DEMO_UC_3_7_MPF;1;nan
2023-01-12T13:42:05.261Z;0.708271;0.0;0.001267;0.0;0.709538;5998.757324;0.086266;17.126791;0.989713;0.99369;0.287021;0.709447;8.003992;_N_DEMO_UC_3_7_MPF;1;nan
2023-01-12T13:42:10.253Z;0.755114;0.0;0.001272;0.0;0.756386;5999.123535;0.096404;16.731384;0.997495;1.129778;0.37865;0.730505;8.053801;_N_DEMO_UC_3_7_MPF;1;nan
2023-01-12T13:42:15.342Z;0.578203;0.000393;0.000313;0.0;0.578909;5999.560547;4.978121;5.27241;0.011417;0.992888;0.621129;0.709344;8.418108;_N_DEMO_UC_3_7_MPF;1;nan
2023-01-12T13:42:20.382Z;0.604908;4.1e-05;0.00053;6e-06;0.6054849999999999;6000.23584;2.710677;6.782358;0.003954;0.934515;0.600201;0.688457;8.436173;_N_DEMO_UC_3_7_MPF;1;nan
2023-01-12T13:42:25.342Z;0.608712;1e-06;0.001256;0.0;0.6099690000000001;6000.239746;0.020356;17.008682;0.015281;0.993338;0.5753;0.703583;8.462741;_N_DEMO_UC_3_7_MPF;1;nan
2023-01-12T13:42:30.294Z;0.656829;9.4e-05;0.000545;1.4e-05;0.657482;6001.069824;0.00845;16.932526;0.039829;1.0028;0.227225;0.721675;8.460939;_N_DEMO_UC_3_7_MPF;1;nan
2023-01-12T13:42:35.304Z;0.623235;0.00037;0.000339;0.0;0.6239439999999999;6001.195801;6.617965;2.97005;0.002969;0.91134;0.59945;0.861129;8.466864;_N_DEMO_UC_3_7_MPF;1;nan
2023-01-12T13:42:40.328Z;0.584864;1e-06;0.001235;9e-06;0.5861090000000001;6001.438965;0.070475;16.918211;0.043835;0.960841;0.520243;0.735167;8.468178;_N_DEMO_UC_3_7_MPF;1;nan
2023-01-12T13:42:45.319Z;0.513921;0.0;0.001294;0.0;0.515215;6000.957031;0.031026;17.058292;0.011219;0.881835;0.49703;0.724499;8.460979;_N_DEMO_UC_3_7_MPF;1;nan
2023-01-12T13:42:50.495Z;0.587488;0.000259;0.001234;1.9e-05;0.589;6000.357422;6.181796;1.425875;0.021183;0.942411;0.619942;0.902929;8.480994;_N_DEMO_UC_3_7_MPF;1;nan
2023-01-12T13:42:55.440Z;0.698487;2e-06;0.00132;0.0;0.6998089999999999;6000.100098;0.033556;17.025848;0.993093;1.014295;0.359488;0.744114;8.043734;_N_DEMO_UC_3_7_MPF;1;nan
2023-01-12T13:43:00.423Z;0.732828;0.000744;0.000435;0.0;0.734007;6000.355469;0.040832;16.80406;1.001503;1.112102;0.313112;0.719993;8.018167;_N_DEMO_UC_3_7_MPF;1;nan
2023-01-12T13:43:05.415Z;0.630673;0.000408;0.000239;1.2e-05;0.631332;6000.226563;5.610146;4.590442;0.061273;0.980772;0.601157;0.760681;8.473025;_N_DEMO_UC_3_7_MPF;1;nan
2023-01-12T13:43:10.416Z;0.64757;3e-06;0.001236;2.1e-05;0.64883;6000.249512;1.646019;7.079757;0.028581;0.918648;0.681156;0.694159;8.504642;_N_DEMO_UC_3_7_MPF;1;nan
2023-01-12T13:43:15.408Z;0.674152;0.0;0.001185;4e-06;0.675341;6000.428223;0.06797;17.074171;0.021596;1.019861;0.535993;0.705655;8.490856;_N_DEMO_UC_3_7_MPF;1;nan
2023-01-12T13:43:20.416Z;0.610031;0.000159;0.000553;0.0;0.610743;6000.291016;0.841305;7.294614;0.011967;0.994906;0.511918;0.73307;8.523818;_N_DEMO_UC_3_7_MPF;1;nan
2023-01-12T13:43:25.416Z;0.61309;0.000321;0.000405;0.0;0.613816;5999.525879;6.248921;3.765433;0.007893;0.971167;0.55565;0.754446;8.507096;_N_DEMO_UC_3_7_MPF;1;nan
2023-01-12T13:43:30.416Z;0.690927;3e-06;0.001218;0.0;0.692148;5998.127441;0.131319;17.052416;0.015103;1.001368;0.557524;0.67693;8.537159;_N_DEMO_UC_3_7_MPF;1;nan
2023-01-12T13:43:35.481Z;0.613478;1.1e-05;0.001264;0.0;0.614753;5999.653809;0.072661;17.017094;0.029495;0.951144;0.553062;0.703415;8.522487;_N_DEMO_UC_3_7_MPF;1;nan
2023-01-12T13:43:40.398Z;0.634237;0.00027;0.001172;3e-06;0.635682;6000.533691;6.337213;0.57072;0.024752;0.830203;0.599239;0.175284;8.524972;_N_DEMO_UC_3_7_MPF;1;nan
2023-01-12T13:43:45.343Z;0.632169;0.0;0.001232;0.0;0.633401;5999.470703;0.002134;16.838696;2.904159;0.967051;0.382573;0.694085;8.168748;_N_DEMO_UC_3_7_MPF;1;nan
2023-01-12T13:43:50.383Z;0.605739;0.0;0.001209;0.0;0.606948;5998.84668;0.001801;16.758892;2.949453;1.052659;0.372023;0.639833;8.100591;_N_DEMO_UC_3_7_MPF;1;nan
2023-01-12T13:43:55.384Z;0.597059;5.1e-05;0.000521;0.0;0.597631;5999.494141;0.927006;7.2737;0.017281;1.002513;0.749888;0.684319;8.620486;_N_DEMO_UC_3_7_MPF;1;nan
2023-01-12T13:44:00.366Z;0.647825;0.000434;0.00032;1.3e-05;0.6485920000000001;5999.451172;6.763693;2.601737;0.03337;0.943137;0.650618;0.79545;8.642294;_N_DEMO_UC_3_7_MPF;1;nan
2023-01-12T13:44:05.406Z;0.667041;0.0;0.001258;0.0;0.668299;6000.63623;0.028507;17.026886;0.005125;0.966572;0.604414;0.692201;8.681819;_N_DEMO_UC_3_7_MPF;1;nan
2023-01-12T13:44:10.470Z;0.667559;0.0;0.001348;0.0;0.668907;6001.172852;0.053763;17.113869;0.045538;1.083266;0.601044;0.761837;8.668442;_N_DEMO_UC_3_7_MPF;1;nan
2023-01-12T13:44:15.624Z;0.61189;0.000495;6.1e-05;2.2e-05;0.612468;6000.306641;6.591987;2.877001;0.01004;0.937885;0.632482;0.742737;8.679886;_N_DEMO_UC_3_7_MPF;1;nan
2023-01-12T13:44:20.416Z;0.572938;0.0;0.001327;0.0;0.5742649999999999;6000.135742;0.012616;16.405136;0.002549;0.982666;0.600506;0.683444;8.674712;_N_DEMO_UC_3_7_MPF;1;nan
2023-01-12T13:44:25.432Z;0.557379;2e-06;0.001211;3e-06;0.5585949999999998;6000.223633;0.018902;17.03875;0.009696;0.972763;0.575186;0.686076;8.674194;_N_DEMO_UC_3_7_MPF;1;nan
2023-01-12T13:44:30.480Z;0.563053;0.000291;0.000372;1e-06;0.5637170000000001;5999.650879;2.527384;5.826208;0.001007;0.988184;0.795452;0.75177;8.685366;_N_DEMO_UC_3_7_MPF;1;nan
2023-01-12T13:44:35.569Z;0.628163;0.0;0.001255;0.0;0.629418;5999.794434;0.0059;16.932426;1.025201;1.05207;0.377249;0.683048;8.018202;_N_DEMO_UC_3_7_MPF;1;nan
2023-01-12T13:44:40.553Z;0.718948;0.0;0.001325;0.0;0.720273;6000.923828;0.014951;17.154108;0.974922;1.121971;0.358652;0.701844;8.070834;_N_DEMO_UC_3_7_MPF;1;nan
2023-01-12T13:44:45.553Z;0.643311;0.000138;0.000531;0.0;0.6439799999999999;6000.786621;0.172421;7.300953;0.023263;0.887387;0.436026;0.718953;8.439105;_N_DEMO_UC_3_7_MPF;1;nan
2023-01-12T13:44:50.457Z;0.603792;0.000391;0.000344;0.0;0.604527;6000.787109;6.452716;3.372239;0.047938;0.942978;0.662087;0.762373;8.480605;_N_DEMO_UC_3_7_MPF;1;nan
2023-01-12T13:44:55.713Z;0.617661;0.0;0.00133;0.0;0.6189910000000001;5999.5;0.029278;16.975338;0.036751;0.94061;0.567614;0.677754;8.483357;_N_DEMO_UC_3_7_MPF;1;nan
2023-01-12T13:45:00.675Z;0.673754;2e-06;0.001305;0.0;0.6750609999999999;5999.275391;0.050859;16.997246;0.01704;1.081453;0.554883;0.756065;8.512057;_N_DEMO_UC_3_7_MPF;1;nan
2023-01-12T13:45:05.922Z;0.63631;0.000489;3.3e-05;1.9e-05;0.636851;5999.604004;7.128894;1.422778;0.032;1.055978;0.692638;0.858107;8.512133;_N_DEMO_UC_3_7_MPF;1;nan
2023-01-12T13:45:10.689Z;0.672973;0.0;0.001251;0.0;0.674224;5999.617188;0.041793;17.042877;0.037157;0.971503;0.576866;0.691252;8.521254;_N_DEMO_UC_3_7_MPF;1;nan
2023-01-12T13:45:15.754Z;0.617775;8e-06;0.001217;7e-06;0.619007;5999.232422;0.213609;17.071798;0.011926;1.004206;0.563497;0.681143;8.511621;_N_DEMO_UC_3_7_MPF;1;nan
2023-01-12T13:45:20.825Z;0.504682;0.000334;0.000299;0.0;0.505315;6000.254395;3.780247;5.083369;0.011752;0.974122;0.646666;0.755189;8.514224;_N_DEMO_UC_3_7_MPF;1;nan
2023-01-12T13:45:25.762Z;0.623138;3e-06;0.001297;0.0;0.6244379999999999;6000.649414;0.039075;16.880114;0.978756;1.024529;0.335266;0.696139;7.953363;_N_DEMO_UC_3_7_MPF;1;nan
2023-01-12T13:45:30.715Z;0.613206;5e-06;0.001279;0.0;0.6144900000000001;5999.547852;0.068235;17.082624;0.998809;1.094704;0.357227;0.798878;8.050025;_N_DEMO_UC_3_7_MPF;1;nan
2023-01-12T13:45:35.746Z;0.592836;0.000272;0.000508;4.5e-05;0.593661;5999.874023;1.559018;6.973934;0.008491;0.950078;0.686766;0.741716;8.50471;_N_DEMO_UC_3_7_MPF;1;nan
2023-01-12T13:45:40.762Z;0.632295;0.000291;0.000443;0.0;0.6330290000000001;5999.856934;5.579118;4.692377;0.015968;0.941402;0.692959;0.728482;8.524392;_N_DEMO_UC_3_7_MPF;1;nan
2023-01-12T13:45:45.731Z;0.637923;0.0;0.001335;2.4e-05;0.639282;5999.161133;0.07819;17.008884;0.001842;0.976358;0.601331;0.676659;8.548502;_N_DEMO_UC_3_7_MPF;1;nan
2023-01-12T13:45:51.068Z;0.580661;0.0;0.00131;2.5e-05;0.5819960000000001;5998.841797;0.210968;17.086246;0.075338;1.013292;0.605377;0.756075;8.54008;_N_DEMO_UC_3_7_MPF;1;nan
2023-01-12T13:45:55.788Z;0.54934;0.000513;6.7e-05;0.0;0.5499200000000001;5998.772461;7.241279;0.543484;0.017218;1.061332;0.658921;0.595803;8.562969;_N_DEMO_UC_3_7_MPF;1;nan
2023-01-12T13:46:00.844Z;0.604066;1e-06;0.001222;0.0;0.605289;5999.665527;0.078933;17.022825;0.033938;0.903685;0.588932;0.663197;8.562656;_N_DEMO_UC_3_7_MPF;1;nan
2023-01-12T13:46:05.807Z;0.593196;0.0;0.001258;1e-05;0.5944639999999999;6000.599609;0.069619;16.970465;0.003228;0.941786;0.56817;0.675108;8.55975;_N_DEMO_UC_3_7_MPF;1;nan
2023-01-12T13:46:10.756Z;0.637447;0.000379;0.000271;1.5e-05;0.638112;6000.49707;4.443664;4.516931;0.056887;0.893643;0.665179;0.748585;8.571743;_N_DEMO_UC_3_7_MPF;1;nan
2023-01-12T13:46:15.780Z;0.680896;0.0;0.001238;0.0;0.6821339999999999;6000.670898;0.017667;17.000315;1.000185;1.049837;0.384824;0.722714;8.038004;_N_DEMO_UC_3_7_MPF;1;nan
2023-01-12T13:46:20.752Z;0.683991;2e-06;0.001351;0.0;0.685344;6001.403809;0.017296;16.895168;0.914634;1.10634;0.39498;0.793488;8.014692;_N_DEMO_UC_3_7_MPF;1;nan
2023-01-12T13:46:25.773Z;0.61997;0.000323;0.000466;0.0;0.620759;6001.365234;2.444366;6.714347;0.034152;1.039885;0.734897;0.700822;8.594327;_N_DEMO_UC_3_7_MPF;1;nan
2023-01-12T13:46:30.885Z;0.607975;0.000215;0.00046;1.1e-05;0.608661;5999.922363;4.88506;5.386467;0.018973;0.876688;0.675106;0.691943;8.616608;_N_DEMO_UC_3_7_MPF;1;nan
2023-01-12T13:46:35.949Z;0.656529;0.0;0.001231;0.0;0.65776;5999.652344;0.161338;16.964857;0.021881;1.038562;0.590484;0.712886;8.638988;_N_DEMO_UC_3_7_MPF;1;nan
2023-01-12T13:46:40.868Z;0.661789;0.0;0.001228;4e-06;0.663021;5999.60791;0.03029;16.92281;0.006833;0.920471;0.567109;0.760671;8.640654;_N_DEMO_UC_3_7_MPF;1;nan
2023-01-12T13:46:45.814Z;0.624044;0.00052;0.000123;1.4e-05;0.624701;5999.41748;7.117825;0.352054;0.034451;1.00651;0.665676;0.330572;8.651548;_N_DEMO_UC_3_7_MPF;1;nan
2023-01-12T13:46:50.830Z;0.640478;1.1e-05;0.001219;0.0;0.641708;5999.715332;0.129952;16.957497;0.004238;0.909282;0.58544;0.7105;8.637714;_N_DEMO_UC_3_7_MPF;1;nan
2023-01-12T13:46:55.838Z;0.612902;0.0;0.001288;0.0;0.6141899999999999;6000.213379;0.287646;17.054049;0.025769;1.063759;0.569576;0.704117;8.65045;_N_DEMO_UC_3_7_MPF;1;nan
2023-01-12T13:47:00.838Z;0.532976;0.000405;0.000184;0.0;0.533565;6001.06543;5.06755;3.849104;0.015092;0.983694;0.633477;0.771317;8.643937;_N_DEMO_UC_3_7_MPF;1;nan
2023-01-12T13:47:05.903Z;0.614848;0.001174;0.0;0.0;0.616022;5999.07959;16.190287;0.011803;6.311437;0.913212;0.670768;0.415825;8.135608;_N_DEMO_UC_3_7_MPF;1;nan
2023-01-12T13:47:10.958Z;0.57676;0.001239;0.0;0.0;0.577999;5998.154785;16.909748;0.012162;3.019615;0.998204;0.722079;0.408972;8.071953;_N_DEMO_UC_3_7_MPF;1;nan
2023-01-12T13:47:15.949Z;0.627169;0.000249;6e-06;0.0;0.627424;6000.042969;3.286788;0.970606;0.016667;0.971352;0.65726;0.905051;8.51417;_N_DEMO_UC_3_7_MPF;1;nan
2023-01-12T13:47:20.895Z;0.623069;0.000231;6.8e-05;0.0;0.6233679999999999;5999.44043;2.790154;1.880336;0.001254;0.974153;0.766348;0.826549;8.560549;_N_DEMO_UC_3_7_MPF;1;nan
2023-01-12T13:47:25.863Z;0.671169;0.001211;0.0;1.6e-05;0.672396;5998.115234;16.886938;0.005271;0.010257;1.008023;0.716713;0.686198;8.566041;_N_DEMO_UC_3_7_MPF;1;nan
2023-01-12T13:47:30.855Z;0.52461;0.00021;7.9e-05;0.0;0.5248990000000001;5999.461914;4.075616;0.226898;0.012273;0.959502;0.678281;0.390975;8.58034;_N_DEMO_UC_3_7_MPF;1;nan
2023-01-12T13:47:35.920Z;0.564147;0.001219;1e-06;0.0;0.565367;5999.241699;3.260111;0.77373;0.013711;0.89904;0.703595;0.881648;8.573966;_N_DEMO_UC_3_7_MPF;1;nan
2023-01-12T13:47:40.882Z;0.619747;0.001235;1e-06;2e-06;0.620985;5999.733398;17.137383;0.020217;0.000568;1.01672;0.697023;0.669112;8.594191;_N_DEMO_UC_3_7_MPF;1;nan
2023-01-12T13:47:46.175Z;0.61753;0.00012;0.000195;0.0;0.617845;6000.775879;2.460261;1.441888;0.004751;0.850977;0.681103;0.637543;8.583552;_N_DEMO_UC_3_7_MPF;1;nan
2023-01-12T13:47:50.939Z;0.703919;0.001051;0.0;0.0;0.70497;6000.984375;16.750414;0.006593;1.012469;0.989999;0.677807;0.486242;8.059916;_N_DEMO_UC_3_7_MPF;1;nan
2023-01-12T13:47:55.971Z;0.678123;0.001443;0.0;0.0;0.679566;6000.845703;16.860216;0.155789;0.972751;1.067219;0.707595;0.471105;8.086301;_N_DEMO_UC_3_7_MPF;1;nan
2023-01-12T13:48:00.953Z;0.632046;5e-06;0.00028;0.0;0.632331;6000.522949;1.243975;3.234106;0.014639;0.960883;0.806567;0.764066;8.562078;_N_DEMO_UC_3_7_MPF;1;nan
2023-01-12T13:48:05.977Z;0.598396;0.001169;0.0;0.0;0.599565;6000.438965;16.943373;1.5e-05;0.0194;0.94215;0.703624;0.683455;8.582038;_N_DEMO_UC_3_7_MPF;1;nan
2023-01-12T13:48:10.953Z;0.610021;0.001174;4e-06;0.0;0.611199;5999.388184;16.965361;0.047065;0.017755;0.95476;0.674896;0.68114;8.581126;_N_DEMO_UC_3_7_MPF;1;nan
2023-01-12T13:48:16.017Z;0.62124;7.2e-05;0.000265;0.0;0.6215769999999999;5999.834961;0.064;3.462595;0.051697;0.992776;0.407192;0.815188;8.592158;_N_DEMO_UC_3_7_MPF;1;nan
2023-01-12T13:48:20.980Z;0.588201;0.001203;2e-06;0.0;0.5894059999999999;6000.311035;17.017076;0.003803;0.002039;0.930599;0.685654;0.652376;8.577745;_N_DEMO_UC_3_7_MPF;1;nan
2023-01-12T13:48:25.946Z;0.5998;0.001251;0.0;5e-06;0.601056;6001.047852;16.997982;0.066819;0.0269;0.947382;0.674144;0.636287;8.599338;_N_DEMO_UC_3_7_MPF;1;nan
2023-01-12T13:48:31.317Z;0.616683;0.001132;0.0;0.0;0.617815;6000.297363;16.769567;0.011673;1.031742;0.947066;0.691432;0.499632;8.047214;_N_DEMO_UC_3_7_MPF;1;nan
2023-01-12T13:48:36.101Z;0.594786;0.001304;1e-06;0.0;0.596091;6000.977539;17.004349;0.025499;1.032376;1.054808;0.703044;0.504785;8.12279;_N_DEMO_UC_3_7_MPF;1;nan
2023-01-12T13:48:41.058Z;0.57181;0.000226;4.3e-05;0.0;0.572079;5999.591797;3.36924;0.275342;0.040014;0.854789;0.665113;0.283738;8.400305;_N_DEMO_UC_3_7_MPF;1;nan
2023-01-12T13:48:46.306Z;0.599621;0.00134;0.0;0.0;0.600961;5999.01123;3.156301;1.315959;0.019066;0.939807;0.675326;0.844294;8.433887;_N_DEMO_UC_3_7_MPF;1;nan
2023-01-12T13:48:51.002Z;0.613719;0.001277;0.0;0.0;0.614996;5999.335449;17.003412;0.001533;0.012693;0.952756;0.681757;0.658776;8.452086;_N_DEMO_UC_3_7_MPF;1;nan
2023-01-12T13:48:56.058Z;0.608547;0.000182;0.000173;0.0;0.6089019999999999;5999.206543;3.187121;1.036764;0.028221;0.956597;0.642292;0.6223;8.471589;_N_DEMO_UC_3_7_MPF;1;nan
2023-01-12T13:49:00.995Z;0.582719;0.001214;1e-06;8e-06;0.5839420000000001;5999.282227;8.232689;0.044717;0.012559;0.9499;0.690517;0.691754;8.470618;_N_DEMO_UC_3_7_MPF;1;nan
2023-01-12T13:49:06.023Z;0.615885;0.001208;2e-06;2e-06;0.6170969999999999;5999.359375;16.928135;0.002782;0.076433;0.918142;0.682915;0.660033;8.467879;_N_DEMO_UC_3_7_MPF;1;nan
2023-01-12T13:49:11.107Z;0.562576;0.000102;0.000229;3.6e-05;0.5629430000000001;5999.446777;2.300857;1.694888;0.016092;1.00455;0.67421;0.984461;8.470778;_N_DEMO_UC_3_7_MPF;1;nan
2023-01-12T13:49:16.068Z;0.687361;0.001104;0.0;0.0;0.688465;5999.218262;16.911417;0.061246;1.025231;1.05241;0.783846;0.500215;8.060507;_N_DEMO_UC_3_7_MPF;1;nan
2023-01-12T13:49:21.039Z;0.712298;0.001038;0.0;0.0;0.713336;6000.576172;16.88677;0.000566;0.969568;1.114447;0.679515;0.454503;8.058083;_N_DEMO_UC_3_7_MPF;1;nan
2023-01-12T13:49:26.067Z;0.589082;3.5e-05;0.000294;2.6e-05;0.589437;5999.03125;0.498547;3.342634;0.002999;0.931306;0.77416;0.793773;8.531527;_N_DEMO_UC_3_7_MPF;1;nan
2023-01-12T13:49:31.060Z;0.657472;0.001195;0.0;0.0;0.6586669999999999;5998.90625;16.915081;0.01345;0.006586;1.034169;0.670006;0.695296;8.578852;_N_DEMO_UC_3_7_MPF;1;nan
2023-01-12T13:49:36.036Z;0.637694;0.001314;1e-06;1.8e-05;0.639027;5998.270996;17.016762;0.015365;0.033161;1.040183;0.731066;0.701606;8.559441;_N_DEMO_UC_3_7_MPF;1;nan
2023-01-12T13:49:41.047Z;0.604071;0.000126;0.00024;0.0;0.604437;6000.024414;0.702365;3.355202;0.02069;1.033051;0.536907;0.826835;8.576378;_N_DEMO_UC_3_7_MPF;1;nan
2023-01-12T13:49:46.148Z;0.601646;0.001222;0.0;0.0;0.602868;5999.75293;16.999146;0.010996;0.052584;0.903304;0.668985;0.640175;8.583295;_N_DEMO_UC_3_7_MPF;1;nan
2023-01-12T13:49:51.069Z;0.578081;0.001214;0.0;0.0;0.579295;6001.226074;17.17506;0.006058;0.025811;0.867403;0.69139;0.619568;8.59238;_N_DEMO_UC_3_7_MPF;1;nan
2023-01-12T13:49:56.101Z;0.613431;0.012927;0.0;0.000113;0.626471;6000.740234;0.022943;0.010629;828.487366;0.89284;0.614621;3.45575;9.164014;_N_DEMO_UC_3_7_MPF;1;nan
2023-01-12T13:50:01.052Z;0.613326;0.00113;0.0;0.0;0.614456;6001.54248;16.656178;0.006648;2.98603;0.875984;0.686497;0.380244;8.147743;_N_DEMO_UC_3_7_MPF;1;nan
2023-01-12T13:50:06.065Z;0.763476;0.001188;0.0;0.0;0.764664;6001.490234;16.725681;0.188309;3.019908;1.115496;0.82098;0.418134;8.110721;_N_DEMO_UC_3_7_MPF;1;nan
2023-01-12T13:50:11.110Z;0.578303;3.7e-05;0.000277;0.0;0.5786169999999999;6001.478516;0.481363;3.366548;0.004665;0.957951;0.772236;0.834149;8.640291;_N_DEMO_UC_3_7_MPF;1;nan
2023-01-12T13:50:16.374Z;0.630869;0.001211;0.0;7e-06;0.632087;6000.592285;16.89901;0.022968;0.024403;0.999183;0.728161;0.687376;8.670304;_N_DEMO_UC_3_7_MPF;1;nan
2023-01-12T13:50:21.190Z;0.606698;0.001225;0.0;3e-05;0.607953;5999.744629;17.029854;0.032376;0.017701;0.956055;0.740996;0.665354;8.665202;_N_DEMO_UC_3_7_MPF;1;nan
2023-01-12T13:50:26.302Z;0.589405;0.000215;0.000212;4.1e-05;0.5898729999999999;5999.838867;1.09481;3.240812;0.009759;0.958506;0.86062;0.791702;8.66977;_N_DEMO_UC_3_7_MPF;1;nan
2023-01-12T13:50:31.103Z;0.606446;0.001182;0.0;1.9e-05;0.607647;6000.123535;16.890411;0.028744;0.00639;0.861636;0.674979;0.661331;8.674497;_N_DEMO_UC_3_7_MPF;1;nan
2023-01-12T13:50:36.303Z;0.548919;0.001262;1e-06;1.6e-05;0.5501980000000001;5999.729004;17.013447;0.011274;0.0278;0.910519;0.679321;0.651779;8.682448;_N_DEMO_UC_3_7_MPF;1;nan
2023-01-12T13:50:41.151Z;0.627915;0.001385;0.0;0.0;0.6293;6000.132813;17.030291;0.053858;1.058007;1.011194;0.774183;0.503192;7.952128;_N_DEMO_UC_3_7_MPF;1;nan
2023-01-12T13:50:46.103Z;0.66962;0.001253;0.0;0.0;0.6708729999999999;6000.118652;17.398558;0.02027;1.036902;1.105632;0.793683;0.519764;8.025314;_N_DEMO_UC_3_7_MPF;1;nan
2023-01-12T13:50:51.255Z;0.595159;0.000217;0.000109;3e-06;0.595488;5999.546875;3.387621;0.518345;0.022914;0.989883;0.631079;0.433644;8.463115;_N_DEMO_UC_3_7_MPF;1;nan
2023-01-12T13:50:56.279Z;0.644244;0.001262;0.0;2.2e-05;0.645528;5997.634277;3.305;0.564098;0.060694;0.926936;0.648136;0.859105;8.496629;_N_DEMO_UC_3_7_MPF;1;nan
2023-01-12T13:51:01.153Z;0.595409;0.001279;1e-06;9e-06;0.5966980000000001;5998.87207;16.996384;0.036845;0.011785;1.001456;0.711187;0.661815;8.513729;_N_DEMO_UC_3_7_MPF;1;nan
2023-01-12T13:51:06.176Z;0.617453;0.00015;0.000198;3e-06;0.617804;6000.265625;2.928011;1.655654;0.071534;0.951496;0.600203;0.665384;8.522587;_N_DEMO_UC_3_7_MPF;1;nan
2023-01-12T13:51:11.168Z;0.642384;0.001221;2e-06;4.1e-05;0.6436479999999999;6000.121582;16.833096;0.02626;0.015706;1.00761;0.681815;0.679086;8.518665;_N_DEMO_UC_3_7_MPF;1;nan
2023-01-12T13:51:16.145Z;0.539299;0.001205;0.0;0.0;0.540504;5997.828125;17.057364;0.004829;0.001091;0.961308;0.692319;0.649985;8.531582;_N_DEMO_UC_3_7_MPF;1;nan
2023-01-12T13:51:21.176Z;0.529282;7.9e-05;0.000214;0.0;0.5295750000000001;5999.130371;1.869705;2.168929;0.015114;0.931346;0.697672;0.795681;8.54164;_N_DEMO_UC_3_7_MPF;1;nan
2023-01-12T13:51:26.201Z;0.674459;0.001264;2e-06;0.0;0.675725;5999.283203;17.019554;0.007913;1.041037;0.955396;0.643945;0.478812;7.937863;_N_DEMO_UC_3_7_MPF;1;nan
2023-01-12T13:51:31.199Z;0.60481;0.000859;0.000889;0.0;0.606558;5999.700684;16.815125;0.035335;1.017089;1.146133;0.806989;0.490464;8.099569;_N_DEMO_UC_3_7_MPF;1;nan
2023-01-12T13:51:36.209Z;0.637612;8.3e-05;0.000252;0.0;0.637947;6000.068848;0.329374;3.369181;0.037961;0.955344;0.468576;0.813659;8.488816;_N_DEMO_UC_3_7_MPF;1;nan
2023-01-12T13:51:41.225Z;0.687222;0.001239;0.0;0.0;0.688461;6000.050781;17.08359;0.008958;0.022534;0.972323;0.672686;0.674426;8.522421;_N_DEMO_UC_3_7_MPF;1;nan
2023-01-12T13:51:46.193Z;0.649614;0.001361;0.0;4.2e-05;0.651017;6001.083496;17.156908;0.012208;0.025386;1.018705;0.721006;0.667046;8.515505;_N_DEMO_UC_3_7_MPF;1;nan
2023-01-12T13:51:51.234Z;0.617859;0.000205;0.000208;0.0;0.618272;6000.637695;1.411862;2.993092;0.009759;0.950274;0.945769;0.783395;8.540277;_N_DEMO_UC_3_7_MPF;1;nan
2023-01-12T13:51:56.520Z;0.631458;0.001167;0.0;0.0;0.632625;6000.254883;16.880657;0.001954;0.035609;0.91298;0.668816;0.662562;8.529088;_N_DEMO_UC_3_7_MPF;1;nan
2023-01-12T13:52:01.249Z;0.586289;0.0012;0.0;4e-06;0.5874929999999999;5999.330566;16.978811;0.02544;0.003933;0.928662;0.687644;0.643;8.543101;_N_DEMO_UC_3_7_MPF;1;nan
2023-01-12T13:52:06.258Z;0.654101;0.001377;0.0;0.0;0.655478;6000.119141;17.050774;0.016755;1.017303;0.96056;0.704402;0.506335;7.916791;_N_DEMO_UC_3_7_MPF;1;nan
2023-01-12T13:52:11.203Z;0.670135;0.001342;2e-06;0.0;0.6714789999999999;5999.489746;16.9846;0.002635;0.989429;1.079119;0.744735;0.516871;7.965559;_N_DEMO_UC_3_7_MPF;1;nan
2023-01-12T13:52:16.259Z;0.60197;0.000178;0.00017;0.0;0.602318;6001.415527;3.197984;1.061089;0.009412;1.00783;0.611658;0.590714;8.539024;_N_DEMO_UC_3_7_MPF;1;nan
2023-01-12T13:52:21.315Z;0.592905;0.001255;0.0;1.5e-05;0.594175;6000.548828;11.332434;0.026065;0.007026;0.947951;0.685153;0.685187;8.549846;_N_DEMO_UC_3_7_MPF;1;nan
2023-01-12T13:52:26.395Z;0.567193;0.001251;0.0;2.6e-05;0.5684699999999999;5999.21582;17.137831;0.013316;0.01941;1.056059;0.718668;0.667491;8.566684;_N_DEMO_UC_3_7_MPF;1;nan
2023-01-12T13:52:31.275Z;0.565973;0.00013;0.000229;0.0;0.566332;6000.005371;2.679765;2.09985;0.028804;0.980369;0.614214;0.764384;8.589109;_N_DEMO_UC_3_7_MPF;1;nan
2023-01-12T13:52:36.307Z;0.606977;0.001203;1e-06;1.5e-05;0.608196;5999.678223;16.965528;0.012727;0.005622;0.944211;0.694586;0.684477;8.598886;_N_DEMO_UC_3_7_MPF;1;nan
2023-01-12T13:52:41.292Z;0.546553;0.001177;0.0;0.0;0.5477299999999999;5998.54248;16.963379;0.010154;0.008983;0.904447;0.697855;0.652409;8.582284;_N_DEMO_UC_3_7_MPF;1;nan
2023-01-12T13:52:46.300Z;0.646952;3.8e-05;0.000223;0.0;0.6472129999999999;5999.241211;1.312551;2.543005;0.013043;0.984067;0.831124;0.775538;8.588068;_N_DEMO_UC_3_7_MPF;1;nan
2023-01-12T13:52:51.348Z;0.0;1e-06;0.0;0.0;1e-06;4221.318848;0.026056;0.031242;0.061513;3.592453;0.266097;0.482134;9.828546;_N_DEMO_UC_3_7_MPF;1;nan
2023-01-12T13:52:56.448Z;0.0;1e-06;0.0;0.0;1e-06;1241.821289;0.04538;0.032138;0.105833;0.116537;0.243319;0.461085;9.756314;_N_DEMO_UC_3_7_MPF;1;nan
2023-01-12T13:53:01.379Z;0.000137;0.0;0.0;0.0;0.000137;0.035386;0.042332;0.002506;0.003545;0.403349;0.244753;0.46044;9.75241;_N_DEMO_UC_3_7_MPF;1;nan
2023-01-12T13:53:06.469Z;0.0;1e-06;0.0;1e-06;2e-06;0.019997;0.017539;0.001524;0.005761;0.022532;0.30871;0.50414;9.801895;_N_DEMO_UC_3_7_MPF;1;nan
2023-01-12T13:53:11.413Z;1.779038;0.0;0.0;0.0;1.779038;1826.941772;0.029755;0.005466;0.002683;9.18463;0.299678;0.484217;9.771424;_N_DEMO_UC_3_7_MPF;1;nan
2023-01-12T13:53:16.400Z;3.42855;0.0;3e-06;0.0;3.428553;4803.968262;0.06822;0.017405;0.000108;6.292128;0.29037;0.480946;9.754437;_N_DEMO_UC_3_7_MPF;1;nan
2023-01-12T13:53:21.397Z;0.588816;0.0;0.0;1.1e-05;0.588827;5799.473145;0.006494;0.004747;0.008059;0.925496;0.279793;0.477147;9.741674;_N_DEMO_UC_3_7_MPF;1;nan
2023-01-12T13:53:26.336Z;0.604231;0.0;0.0;3.5e-05;0.604266;5800.520508;0.001086;0.008056;0.023025;0.858938;0.284982;0.479107;9.733429;_N_DEMO_UC_3_7_MPF;1;nan
2023-01-12T13:53:31.374Z;0.521084;0.0;0.0;0.0;0.521084;5799.427734;0.009076;0.006921;0.03476;0.873839;0.287859;0.472893;9.727734;_N_DEMO_UC_3_7_MPF;1;nan
2023-01-12T13:53:36.414Z;0.593295;0.0;0.0;0.0;0.593295;5800.155273;0.003478;0.007258;0.032032;0.972005;0.277055;0.472974;9.723902;_N_DEMO_UC_3_7_MPF;1;nan
2023-01-12T13:53:41.342Z;0.560467;0.0;0.0;7e-06;0.560474;5799.935547;0.003957;0.01045;0.008423;0.960524;0.27652;0.47015;9.723769;_N_DEMO_UC_3_7_MPF;1;nan
2023-01-12T13:53:46.357Z;0.619509;3e-06;0.0;0.0;0.619512;5799.760254;0.039541;0.001789;0.004368;0.905913;0.280745;0.469553;9.719379;_N_DEMO_UC_3_7_MPF;1;nan
2023-01-12T13:53:51.326Z;0.586179;0.0;0.0;2e-05;0.586199;5800.84668;0.004307;0.000657;0.035734;0.855907;0.274777;0.4697;9.717623;_N_DEMO_UC_3_7_MPF;1;nan
2023-01-12T13:53:56.398Z;0.560458;0.0;0.0;3e-06;0.560461;5799.27002;0.03358;0.002457;0.010032;1.027506;0.273481;0.467249;9.711563;_N_DEMO_UC_3_7_MPF;1;nan
2023-01-12T13:54:01.511Z;0.566079;0.0;1e-06;0.0;0.56608;5799.189941;0.001283;0.002483;0.007434;0.913161;0.275967;0.464096;9.725986;_N_DEMO_UC_3_7_MPF;1;nan
2023-01-12T13:54:06.439Z;0.602342;2e-06;0.0;0.0;0.602344;5799.47998;0.046468;0.014149;0.029271;0.916862;0.27562;0.465294;9.727407;_N_DEMO_UC_3_7_MPF;1;nan
2023-01-12T13:54:11.407Z;0.521442;1e-06;0.0;1e-06;0.521444;5799.710938;0.043594;0.007314;0.012498;0.872983;0.271324;0.464821;9.705911;_N_DEMO_UC_3_7_MPF;1;nan
2023-01-12T13:54:16.391Z;0.540188;0.0;0.0;0.0;0.540188;5801.224121;0.003227;0.007264;20.496243;0.915471;0.322409;0.38963;8.152621;_N_DEMO_UC_3_7_MPF;1;nan
2023-01-12T13:54:21.416Z;0.593506;0.0;0.0;0.0;0.593506;5799.157715;0.040823;1071.297729;0.73889;1.040616;0.300819;0.152987;2.06148;_N_DEMO_UC_3_7_MPF;1;nan
2023-01-12T13:54:26.439Z;0.587717;0.45396;1e-06;0.00358;1.0452579999999998;5799.395508;0.008318;0.013353;187.196671;0.896582;0.296513;0.463051;9.705976;_N_DEMO_UC_3_7_MPF;1;nan
2023-01-12T13:54:31.472Z;0.594243;0.0;0.0;1.7e-05;0.59426;5800.101563;0.005288;0.017761;0.588432;0.969775;0.349233;0.453284;8.658981;_N_DEMO_UC_3_7_MPF;1;nan
2023-01-12T13:54:36.785Z;0.643237;0.0;0.0;0.0;0.643237;5800.296387;0.007559;0.011687;19.944252;1.554026;0.342468;0.429968;7.822166;_N_DEMO_UC_3_7_MPF;1;nan
2023-01-12T13:54:41.439Z;0.0;0.0;0.0;0.0;0.0;4597.005859;0.002446;0.007635;0.012172;3.918901;0.339944;0.417584;9.684189;_N_DEMO_UC_3_7_MPF;1;nan
2023-01-12T13:54:46.450Z;0.0;0.0;0.0;2e-05;2e-05;1605.617188;0.002516;0.005573;0.02372;1.159919;0.338163;0.415416;9.652349;_N_DEMO_UC_3_7_MPF;1;nan
2023-01-12T13:54:51.417Z;0.0;0.0;0.0;6e-06;6e-06;0.013462;0.009138;0.004142;0.007486;0.004296;0.336622;0.410801;9.652822;_N_DEMO_UC_3_7_MPF;1;nan
2023-01-12T13:54:56.489Z;0.0;0.0;0.0;0.0;0.0;0.053018;0.003768;0.001011;0.006621;0.006266;0.334769;0.410805;9.645041;_N_DEMO_UC_3_7_MPF;1;nan
2023-01-12T13:55:01.401Z;0.0;0.0;0.0;4e-06;4e-06;0.021221;0.002115;0.001821;0.000481;0.007428;0.332076;0.409253;9.641343;_N_DEMO_UC_3_7_MPF;0;nan
2023-01-12T13:55:06.369Z;0.0;0.0;0.0;4e-06;4e-06;0.012442;0.00558;0.000111;0.005174;0.005447;0.332242;0.407192;9.634625;_N_DEMO_UC_3_7_MPF;0;nan
2023-01-12T13:55:11.458Z;0.0;0.0;0.0;1e-06;1e-06;0.01129;0.004305;0.002027;0.004358;0.007684;0.329416;0.407346;9.631504;_N_DEMO_UC_3_7_MPF;0;nan
2023-01-12T13:55:16.418Z;0.0;0.0;0.0;3e-06;3e-06;0.000966;0.004383;0.008761;0.001738;0.005596;0.327035;0.407497;9.6309;_N_DEMO_UC_3_7_MPF;0;nan
